,id,hand_player,opponent_high_card,opponent_high_card_suit,opponent_medium_card,opponent_medium_card_suit,opponent_low_card,opponent_low_card_suit,self_high_card,self_high_card_suit,self_medium_card,self_medium_card_suit,self_low_card,self_low_card_suit,opponent_round_0,self_round_0,opponent_round_1,self_round_1,opponent_round_2,self_round_2,round_1_winner,round_2_winner,round_3_winner,who_asked_envido,who_asked_falta_envido,who_asked_real_envido,opponent_points_envido,self_points_envido,who_refused_envido,who_won_envido,balance_envido,who_asked_flor,who_asked_contra_flor,who_asked_contra_flor_resto,who_asked_truco,when_asked_truco,who_asked_retruco,when_asked_retruco,who_asked_vale_quatro,when_asked_vale_quatro,who_refused_truco,who_won_truco,balance_truco,opponent_old_points,self_old_points,opponent_new_points,self_new_points,opponent_hand_balance,self_hand_balance,opponent_hand_quality,self_hand_quality
7,8,1,16,4,6,4,3,2,12,3,6,2,3,2,10,11,11.0,9.0,9,10.0,2,1,2,1,0,0,6,27,2,1,1,0.0,0.0,0.0,0,0,0,0,0,0,0,2,1,8,13,9,14,1,1,25,21
27,28,2,52,1,50,4,7,3,24,4,6,4,2,4,10,9,9.0,11.0,11,10.0,1,2,1,0,0,0,21,5,0,0,0,0.0,0.0,0.0,1,1,2,2,1,3,0,1,4,14,14,18,14,4,0,109,32
29,30,2,50,4,4,3,3,4,52,4,16,1,2,1,9,9,10.0,10.0,11,11.0,1,2,2,2,0,0,28,5,0,1,2,0.0,0.0,0.0,2,2,1,2,2,2,0,2,4,19,15,21,19,2,4,57,70
31,32,2,52,1,24,3,2,2,12,2,7,3,3,3,10,9,9.0,10.0,11,11.0,1,2,1,2,0,0,5,6,1,2,1,0.0,0.0,0.0,1,3,0,0,0,0,0,1,2,0,2,2,3,2,1,78,22
39,40,1,42,1,8,2,2,2,12,3,7,3,6,3,9,9,11.0,11.0,10,10.0,2,1,1,0,0,0,7,1,0,0,0,0.0,0.0,0.0,0,0,0,0,0,0,0,1,1,9,13,10,13,1,0,52,25
40,41,2,24,2,8,3,7,1,42,4,6,1,2,1,9,9,10.0,11.0,11,10.0,1,2,1,0,0,0,3,32,0,0,0,0.0,0.0,0.0,1,3,0,0,0,0,0,1,2,10,13,12,13,2,0,39,50
43,44,1,24,2,7,4,3,3,42,4,8,1,3,1,11,11,10.0,9.0,9,10.0,2,1,2,2,0,0,26,7,1,2,1,0.0,0.0,0.0,1,2,0,0,0,0,0,2,2,14,14,14,17,0,3,34,53
45,46,1,12,2,7,4,6,3,16,4,4,3,3,3,11,11,9.0,9.0,10,10.0,2,1,1,2,0,0,20,35,1,2,1,0.0,0.0,0.0,0,0,0,0,0,0,0,1,1,16,17,17,18,1,1,25,23
51,52,2,24,1,12,4,6,3,16,2,4,2,3,2,9,10,10.0,11.0,11,9.0,1,2,1,0,0,0,3,7,0,0,0,0.0,0.0,0.0,2,2,0,0,0,0,0,1,2,9,4,11,4,2,0,42,23
54,55,1,50,4,12,2,1,2,40,3,3,2,2,2,9,9,10.0,10.0,11,11.0,2,1,1,0,0,0,4,38,0,0,0,2.0,0.0,0.0,1,2,0,0,0,0,0,1,2,13,6,15,9,2,3,63,45
55,56,2,42,1,24,1,8,4,52,3,16,1,7,1,9,9,10.0,11.0,11,10.0,1,2,1,1,0,0,7,2,2,1,1,0.0,0.0,0.0,1,1,0,0,0,0,0,1,2,15,9,18,9,3,0,74,75
57,58,2,16,1,16,1,3,2,24,4,12,2,1,2,9,11,10.0,10.0,10,9.0,2,1,1,0,0,0,6,28,0,0,0,0.0,0.0,0.0,1,2,2,2,0,0,0,1,3,19,10,22,10,3,0,35,37
61,63,2,50,4,8,4,7,3,16,2,7,4,4,4,10,10,9.0,11.0,11,9.0,1,2,1,0,0,0,1,7,0,0,0,0.0,0.0,0.0,1,3,0,0,0,0,0,1,2,2,7,4,7,2,0,65,27
63,65,2,24,3,7,2,1,2,40,1,3,2,1,2,10,9,11.0,11.0,9,10.0,1,2,2,0,0,0,4,37,0,0,0,0.0,0.0,0.0,1,3,0,0,0,0,0,2,2,5,8,5,10,0,2,32,44
65,67,2,50,4,8,2,3,4,42,3,6,1,2,1,10,9,9.0,10.0,11,11.0,1,2,1,0,0,0,6,7,0,0,0,0.0,0.0,0.0,2,2,1,3,0,0,0,1,3,5,14,8,14,3,0,61,50
66,68,1,24,1,24,4,4,2,24,4,8,3,6,3,10,9,9.0,10.0,10,11.0,1,2,0,1,0,0,30,3,2,1,1,0.0,0.0,0.0,1,3,0,0,0,0,0,1,2,8,14,11,14,3,0,52,38
67,69,2,42,1,8,1,3,3,24,2,12,4,2,4,9,9,10.0,10.0,11,11.0,1,2,1,1,0,0,7,5,2,1,1,0.0,0.0,0.0,2,2,1,3,0,0,0,1,3,11,14,15,14,4,0,53,38
73,77,1,16,2,12,1,1,3,6,3,2,4,1,4,9,10,10.0,11.0,11,9.0,2,1,1,0,0,0,4,5,0,0,0,0.0,0.0,0.0,0,0,0,0,0,0,0,1,1,6,5,7,5,1,0,29,9
74,78,2,24,3,7,4,1,3,16,1,16,4,8,4,11,10,10.0,9.0,9,10.0,1,2,2,0,0,0,4,2,0,0,0,0.0,0.0,0.0,0,0,0,0,0,0,0,2,1,7,5,7,6,0,1,32,40
76,80,2,16,4,7,3,2,1,40,1,8,2,1,2,9,9,10.0,10.0,11,11.0,1,2,2,0,0,0,5,7,0,0,0,0.0,0.0,0.0,2,2,0,0,0,0,0,2,2,10,8,10,10,0,2,25,49
77,81,1,50,4,3,4,3,3,16,1,12,2,6,2,9,9,11.0,11.0,9,10.0,2,1,2,0,0,0,6,2,0,0,0,0.0,0.0,0.0,2,1,0,0,0,0,0,2,2,10,10,10,12,0,2,56,34
79,83,1,24,3,12,2,1,2,40,3,16,2,4,2,9,9,11.0,10.0,10,11.0,2,1,2,2,0,0,24,36,0,2,2,0.0,0.0,0.0,2,1,0,0,0,0,0,2,2,11,14,11,18,0,4,37,60
80,84,2,8,2,7,3,2,3,16,4,4,3,1,3,9,11,10.0,10.0,11,9.0,2,1,1,0,0,0,5,33,0,0,0,0.0,0.0,0.0,0,0,0,0,0,0,0,1,1,11,18,12,18,1,0,17,21
85,89,1,40,2,16,1,2,3,12,2,8,2,6,2,9,9,10.0,10.0,11,11.0,2,1,1,1,0,0,29,1,2,1,1,0.0,0.0,0.0,1,2,2,2,0,0,0,1,3,21,20,25,20,4,0,58,26
86,90,2,24,1,6,4,3,3,24,3,8,3,4,3,9,9,11.0,10.0,10,11.0,2,1,2,0,0,0,6,30,0,0,0,2.0,0.0,0.0,1,2,0,0,0,0,0,2,2,4,0,4,5,0,5,33,36
90,94,1,50,4,4,1,1,2,52,4,40,1,8,1,9,9,11.0,10.0,10,11.0,2,1,2,1,0,0,28,7,0,1,2,0.0,0.0,0.0,0,0,0,0,0,0,0,2,1,3,2,5,3,2,1,55,100
104,108,1,16,3,6,1,6,2,16,2,12,2,3,2,9,9,9.0,10.0,11,11.0,1,2,0,2,0,0,2,29,1,2,1,0.0,0.0,0.0,2,2,0,0,0,0,0,1,2,18,21,20,22,2,1,28,31
105,110,2,40,2,8,1,7,2,16,1,6,1,4,1,9,9,10.0,11.0,11,10.0,1,2,1,0,0,0,20,7,0,0,0,0.0,0.0,0.0,1,1,0,0,0,0,0,1,2,0,1,2,1,2,0,55,26
109,114,2,16,2,7,1,3,1,24,4,7,1,6,1,9,9,11.0,10.0,10,11.0,2,1,2,0,0,0,6,23,0,0,0,2.0,0.0,0.0,1,2,2,3,1,3,0,2,4,5,3,5,10,0,7,26,37
115,120,2,16,4,12,1,7,4,50,2,7,4,3,4,9,9,10.0,11.0,11,10.0,1,2,1,1,0,0,2,27,2,1,1,0.0,0.0,0.0,1,1,2,2,0,0,0,1,3,14,15,18,15,4,0,35,60
119,124,2,12,2,12,1,3,3,16,3,3,4,2,4,9,9,10.0,11.0,10,10.0,1,2,1,2,0,0,6,6,1,2,1,0.0,0.0,0.0,1,1,2,2,0,0,0,1,3,23,16,26,17,3,1,27,21
121,126,1,24,2,7,2,3,3,24,2,16,1,8,1,9,9,11.0,10.0,10,11.0,2,1,2,0,0,0,29,3,0,0,0,1.0,0.0,0.0,2,1,0,0,0,0,0,2,2,1,3,4,5,3,2,34,48
127,132,1,16,2,1,3,1,2,52,2,12,1,3,1,9,9,11.0,10.0,9,11.0,2,1,2,1,0,0,26,6,0,2,2,0.0,0.0,0.0,0,0,0,0,0,0,0,2,1,8,12,8,15,0,3,18,67
130,135,1,24,4,8,2,1,1,24,4,7,1,2,1,9,9,10.0,10.0,11,11.0,2,1,0,0,0,2,23,28,1,2,1,0.0,0.0,0.0,1,2,2,3,0,0,0,2,3,12,20,12,24,0,4,33,33
136,142,2,42,1,7,2,2,3,50,3,16,4,1,4,9,9,10.0,10.0,11,11.0,1,2,2,2,0,1,7,4,2,1,2,0.0,0.0,0.0,1,1,2,1,1,1,0,2,4,5,14,7,18,2,4,51,67
140,146,2,8,2,8,1,6,4,24,3,6,2,3,2,9,9,10.0,11.0,10,10.0,1,2,1,0,0,0,0,6,0,0,0,0.0,0.0,0.0,2,2,1,2,0,0,0,1,3,13,23,16,23,3,0,22,33
141,147,1,40,2,6,2,3,2,7,3,2,1,1,1,10,11,9.0,9.0,11,9.0,2,1,1,0,0,1,7,5,2,1,1,0.0,0.0,0.0,2,1,1,1,0,0,0,1,3,0,0,4,0,4,0,49,10
151,157,1,24,4,6,3,3,2,16,4,12,2,3,2,9,10,10.0,9.0,11,11.0,2,1,1,0,0,0,23,29,0,0,0,2.0,0.0,0.0,2,1,1,2,0,0,0,1,3,0,0,3,3,3,3,33,31
153,159,1,16,4,12,3,6,1,42,2,7,1,3,1,9,10,11.0,9.0,10,11.0,2,1,2,1,0,2,2,33,1,2,2,0.0,0.0,0.0,2,1,1,2,2,3,0,2,4,5,3,5,9,0,6,34,52
155,161,1,40,2,12,2,2,1,42,2,24,1,1,1,9,10,10.0,9.0,11,11.0,2,1,2,0,0,0,33,34,0,0,0,1.0,0.0,0.0,2,1,1,2,2,3,0,2,4,5,15,8,19,3,4,54,67
156,162,2,52,1,4,2,3,1,6,3,2,2,2,2,9,9,10.0,11.0,11,9.0,1,2,1,0,0,0,7,5,0,0,0,0.0,0.0,0.0,0,0,0,0,0,0,0,1,1,8,19,9,19,1,0,59,10
158,164,2,8,4,8,3,4,2,12,1,7,3,1,3,9,9,10.0,11.0,10,10.0,1,2,1,0,0,0,7,4,0,0,0,0.0,0.0,0.0,2,2,0,0,0,0,0,1,2,11,19,13,19,2,0,20,20
165,172,2,12,3,6,2,3,1,24,3,16,4,3,4,9,10,10.0,9.0,11,11.0,2,1,2,2,0,0,21,6,0,2,2,0.0,0.0,0.0,2,1,1,2,2,3,0,2,4,8,2,8,8,0,6,21,43
166,173,1,24,3,24,1,7,3,24,4,16,1,7,1,9,10,10.0,9.0,10,11.0,2,1,0,0,0,0,3,3,0,0,0,0.0,0.0,0.0,2,1,1,2,0,0,0,2,3,8,8,8,11,0,3,55,47
169,177,1,24,3,7,2,3,3,42,4,16,1,2,1,10,10,9.0,9.0,11,11.0,2,1,2,2,0,0,6,7,1,2,1,0.0,0.0,0.0,2,1,1,2,2,3,0,2,4,15,15,15,20,0,5,34,60
170,178,2,12,3,6,1,3,4,42,1,16,1,1,1,9,10,10.0,9.0,11,11.0,2,1,2,2,0,1,26,7,2,1,2,0.0,0.0,0.0,1,2,2,3,0,0,0,2,3,15,20,17,23,2,3,21,59
174,182,2,52,1,16,2,1,2,24,4,6,1,3,1,10,9,9.0,10.0,11,11.0,1,2,1,2,0,0,4,6,1,2,1,0.0,0.0,0.0,1,3,0,0,0,0,0,1,2,11,1,13,2,2,1,69,33
176,184,2,40,2,16,4,16,1,42,3,8,1,6,1,9,9,9.0,11.0,11,10.0,1,2,1,2,0,0,7,27,1,2,1,0.0,0.0,0.0,1,1,2,2,1,3,0,1,4,15,2,19,3,4,1,72,56
181,190,1,42,1,3,3,2,3,8,4,7,2,1,2,9,10,10.0,9.0,11,9.0,2,1,1,0,0,0,7,4,0,0,0,0.0,0.0,0.0,1,2,0,0,0,0,0,1,2,4,1,6,1,2,0,47,16
184,193,2,16,1,7,3,3,1,42,2,8,1,2,1,11,10,9.0,11.0,10,9.0,1,2,1,2,0,0,6,32,1,2,1,0.0,0.0,0.0,2,2,0,0,0,0,0,1,2,7,3,9,4,2,1,26,52
187,196,1,24,2,24,4,1,1,42,4,7,1,4,1,9,9,10.0,10.0,10,11.0,2,1,2,1,0,0,27,34,0,1,2,0.0,0.0,0.0,1,2,2,2,0,0,0,2,3,11,8,13,11,2,3,49,53
196,205,1,16,4,12,2,7,4,8,3,3,3,1,3,9,11,10.0,10.0,11,9.0,2,1,1,2,0,0,2,6,1,2,1,0.0,0.0,0.0,0,0,0,0,0,0,0,1,1,10,3,11,4,1,1,35,12
198,207,1,24,4,7,3,7,3,24,1,12,1,1,1,9,10,9.0,9.0,11,11.0,2,1,0,0,0,0,3,4,0,0,0,0.0,0.0,0.0,1,2,2,3,0,0,0,2,3,12,4,12,7,0,3,38,37
208,218,2,40,2,6,4,3,2,12,1,7,3,2,3,9,11,11.0,10.0,10,9.0,2,1,1,2,0,0,7,5,1,2,1,0.0,0.0,0.0,1,2,2,3,0,0,0,1,3,5,14,8,15,3,1,49,21
213,223,1,24,2,7,2,2,1,40,3,8,2,6,2,9,9,11.0,10.0,10,11.0,2,1,2,1,0,2,5,7,0,1,5,0.0,0.0,0.0,2,3,0,0,0,0,0,2,2,13,20,18,22,5,2,33,54
215,225,2,40,2,8,3,4,1,52,4,42,1,1,1,9,9,10.0,10.0,11,11.0,1,2,2,2,0,1,7,32,0,2,5,0.0,0.0,0.0,2,2,0,0,0,0,0,2,2,0,2,0,9,0,7,52,95
217,227,2,24,1,7,2,2,4,24,2,8,3,1,3,9,9,10.0,10.0,11,11.0,1,2,0,1,0,0,25,4,2,1,1,0.0,0.0,0.0,2,2,0,0,0,0,0,1,2,1,10,4,10,3,0,33,33
219,229,2,40,2,7,1,1,1,24,4,16,2,3,2,10,9,9.0,10.0,11,11.0,1,2,1,0,0,0,7,6,0,0,0,0.0,0.0,0.0,2,2,1,3,0,0,0,1,3,4,16,7,16,3,0,48,43
222,232,1,42,1,16,3,3,4,16,3,4,2,3,2,10,9,9.0,10.0,11,11.0,1,2,1,1,0,2,28,7,0,1,5,0.0,0.0,0.0,2,2,1,2,0,0,0,1,3,8,21,16,21,8,0,61,23
226,238,1,42,1,16,4,6,4,24,3,24,1,8,1,9,9,11.0,10.0,10,10.0,2,1,2,0,0,0,7,3,0,0,0,0.0,0.0,0.0,2,1,1,2,2,3,0,2,4,2,5,2,9,0,4,64,56
228,240,1,52,1,6,1,3,3,16,4,16,2,1,2,9,10,10.0,9.0,11,10.0,2,1,1,1,0,0,6,4,2,1,1,0.0,0.0,0.0,1,2,0,0,0,0,0,1,2,2,11,5,11,3,0,61,33
229,241,2,12,2,6,1,1,4,24,1,3,1,1,1,9,11,10.0,10.0,11,9.0,2,1,1,1,0,0,24,6,2,1,1,0.0,0.0,0.0,2,3,0,0,0,0,0,1,2,5,11,8,11,3,0,19,28
230,242,1,24,4,7,1,1,1,50,2,2,4,2,4,9,9,10.0,9.0,11,11.0,2,1,2,2,0,0,4,5,1,2,1,0.0,0.0,0.0,1,2,2,2,0,0,0,2,3,8,11,8,15,0,4,32,54
232,244,1,42,1,8,3,1,2,24,1,6,2,3,2,9,9,10.0,10.0,11,11.0,2,1,1,1,0,0,27,29,0,1,2,0.0,0.0,0.0,2,1,1,2,0,0,0,1,3,8,16,13,16,5,0,51,33
235,247,2,50,4,24,2,2,3,16,3,7,2,3,2,10,10,9.0,9.0,11,11.0,1,2,1,2,0,0,5,6,1,2,1,0.0,0.0,0.0,2,2,1,3,0,0,0,1,3,19,17,22,18,3,1,76,26
236,248,1,8,4,7,2,1,4,12,2,4,3,2,3,9,9,10.0,10.0,11,11.0,2,1,2,1,0,0,24,7,2,1,1,0.0,0.0,0.0,1,2,2,2,0,0,0,2,3,22,18,23,21,1,3,16,18
245,258,2,24,2,7,1,1,3,8,4,4,4,3,4,10,9,9.0,10.0,11,11.0,1,2,1,0,0,0,4,7,0,0,0,0.0,0.0,0.0,1,1,2,2,1,3,0,1,4,12,7,16,7,4,0,32,15
247,260,2,52,1,40,2,7,4,24,2,6,4,2,4,10,9,9.0,11.0,11,10.0,1,2,1,2,0,0,27,28,0,2,2,0.0,0.0,0.0,1,1,2,2,1,2,0,1,4,16,9,20,11,4,2,99,32
249,263,2,16,3,12,1,3,2,16,2,7,2,6,2,10,9,9.0,10.0,11,11.0,1,2,0,2,0,0,6,22,1,2,1,0.0,0.0,0.0,1,1,2,2,0,0,0,1,3,1,3,4,4,3,1,31,29
254,270,2,42,1,6,3,6,1,24,2,24,3,2,3,9,9,9.0,10.0,11,10.0,1,2,1,2,0,0,7,5,1,2,1,0.0,0.0,0.0,1,1,2,1,1,3,0,1,4,11,18,15,19,4,1,54,50
256,272,2,24,4,16,3,8,3,24,2,16,3,6,3,9,9,10.0,11.0,11,10.0,1,2,1,2,0,0,3,25,1,2,1,0.0,0.0,0.0,1,1,2,2,1,3,0,1,4,20,20,24,21,4,1,48,46
260,277,2,52,1,8,3,4,2,40,1,12,2,2,2,9,9,10.0,10.0,11,11.0,1,2,1,2,0,0,21,33,0,2,2,0.0,0.0,0.0,1,1,2,2,1,2,0,1,4,5,6,9,8,4,2,64,54
262,279,2,16,4,6,1,1,3,12,1,4,2,4,2,11,11,9.0,9.0,10,9.0,1,2,1,0,0,0,24,7,0,0,0,0.0,0.0,0.0,0,0,0,0,0,0,0,1,1,9,9,10,9,1,0,23,20
268,285,2,40,2,24,4,8,2,50,2,12,4,3,4,9,9,10.0,11.0,11,10.0,1,2,1,0,0,0,30,6,0,0,0,0.0,0.0,0.0,2,1,1,1,2,2,0,1,4,19,11,23,11,4,0,72,65
272,289,1,16,2,12,3,2,2,7,3,6,3,1,3,9,10,10.0,9.0,11,11.0,2,1,1,1,0,0,26,4,2,1,1,0.0,0.0,0.0,1,2,0,0,0,0,0,1,2,6,6,9,6,3,0,30,14
274,291,1,12,3,8,2,7,3,24,4,16,1,6,1,9,10,10.0,9.0,11,11.0,2,1,2,0,0,0,1,3,0,0,0,0.0,0.0,0.0,2,3,0,0,0,0,0,2,2,10,8,10,10,0,2,27,46
276,293,1,52,1,7,3,3,3,16,2,8,4,4,4,9,9,11.0,10.0,10,11.0,2,1,2,2,0,0,6,7,1,2,1,0.0,0.0,0.0,0,0,0,0,0,0,0,2,1,11,11,11,13,0,2,62,28
280,297,2,16,2,12,1,8,2,50,3,12,4,4,4,9,9,10.0,11.0,11,10.0,1,2,1,0,0,0,2,7,0,0,0,0.0,0.0,0.0,2,2,1,3,0,0,0,1,3,11,19,14,19,3,0,36,66
281,298,1,16,1,2,2,1,4,8,1,7,3,3,3,9,9,11.0,11.0,10,10.0,2,1,2,1,0,0,27,6,0,1,2,0.0,0.0,0.0,0,0,0,0,0,0,0,2,1,14,19,16,20,2,1,19,18
289,307,2,42,1,16,4,7,3,24,3,24,4,3,4,9,9,10.0,10.0,11,10.0,1,2,1,0,0,0,7,6,0,0,0,0.0,0.0,0.0,1,1,2,2,1,3,0,1,4,5,11,9,11,4,0,65,51
291,309,2,50,4,7,2,3,1,16,1,6,3,4,3,10,9,9.0,10.0,11,11.0,1,2,1,2,0,0,6,7,1,2,1,0.0,0.0,0.0,2,2,1,2,0,0,0,1,3,11,11,14,12,3,1,60,26
294,312,1,8,4,7,1,2,4,16,2,7,3,1,3,10,11,9.0,9.0,11,9.0,2,1,1,0,0,0,5,4,0,0,0,0.0,0.0,0.0,2,3,0,0,0,0,0,1,2,18,15,20,15,2,0,17,24
296,314,1,16,2,7,4,2,3,16,2,6,1,6,1,9,9,10.0,9.0,11,11.0,2,1,0,0,0,0,22,2,0,0,0,0.0,0.0,0.0,2,3,0,0,0,0,0,2,2,20,19,20,21,0,2,25,28
298,318,2,8,1,7,1,6,4,42,3,3,1,2,1,9,9,10.0,11.0,11,10.0,1,2,1,1,0,0,0,7,2,1,1,0.0,0.0,0.0,0,0,0,0,0,0,0,1,1,0,6,2,6,2,0,21,47
302,322,1,7,3,7,4,4,1,8,4,2,1,1,1,9,11,10.0,9.0,10,9.0,2,1,1,1,0,0,27,29,0,1,2,0.0,0.0,0.0,0,0,0,0,0,0,0,1,1,5,16,8,16,3,0,18,11
303,323,2,52,1,16,4,8,1,24,3,8,4,2,4,9,9,10.0,11.0,11,10.0,1,2,1,2,0,0,2,5,1,2,1,0.0,0.0,0.0,1,1,2,2,1,2,0,1,4,8,16,12,17,4,1,76,34
307,327,1,24,4,24,3,24,3,52,2,4,1,3,1,9,9,9.0,11.0,9,10.0,1,2,1,0,0,2,3,7,1,2,1,0.0,0.0,0.0,1,1,0,0,0,0,0,1,2,19,21,21,22,2,1,72,59
309,330,1,8,3,6,4,6,4,24,2,16,4,1,4,9,10,9.0,9.0,11,11.0,2,1,2,0,0,0,0,29,0,0,0,0.0,0.0,0.0,2,3,0,0,0,0,0,2,2,3,2,3,4,0,2,20,41
311,332,2,24,1,16,1,1,1,40,4,3,2,2,2,9,9,10.0,10.0,11,11.0,2,1,2,2,0,0,4,7,0,2,2,0.0,0.0,0.0,1,2,2,2,0,0,0,2,3,10,4,10,9,0,5,41,45
313,334,2,16,3,8,4,3,3,50,2,2,4,1,4,9,9,11.0,11.0,10,10.0,1,2,1,0,0,0,6,5,0,0,0,0.0,0.0,0.0,0,0,0,0,0,0,0,1,1,12,9,13,9,1,0,27,53
315,336,2,42,1,16,3,8,3,24,1,3,2,2,2,9,9,10.0,11.0,11,10.0,1,2,1,2,0,1,29,6,0,1,5,0.0,0.0,0.0,0,0,0,0,0,0,0,1,1,13,10,19,10,6,0,66,29
316,337,1,16,3,8,2,7,4,24,1,3,2,2,2,10,9,9.0,11.0,11,10.0,1,2,1,0,2,0,2,6,1,2,1,0.0,0.0,0.0,0,0,0,0,0,0,0,1,1,19,10,20,11,1,1,31,29
321,343,1,52,1,7,2,3,3,12,1,4,3,1,3,9,10,10.0,9.0,11,11.0,2,1,1,0,0,0,21,32,0,0,0,0.0,0.0,0.0,1,2,0,0,0,0,0,1,2,3,1,5,1,2,0,62,17
322,344,2,52,1,24,2,7,2,24,4,16,3,7,3,10,9,9.0,10.0,11,11.0,1,2,1,2,0,0,3,3,1,2,1,0.0,0.0,0.0,2,2,1,2,0,0,0,1,3,5,1,8,2,3,1,83,47
326,348,2,52,1,7,2,1,2,42,3,12,1,4,1,9,10,10.0,9.0,11,11.0,2,1,1,0,0,0,4,7,0,0,0,0.0,0.0,0.0,2,1,1,2,0,0,0,1,3,9,5,12,5,3,0,60,58
331,353,1,24,1,7,3,1,2,42,2,8,1,8,1,9,9,11.0,9.0,10,11.0,2,1,2,2,0,0,4,7,1,2,1,0.0,0.0,0.0,2,1,0,0,0,0,0,2,2,17,9,17,12,0,3,32,58
333,356,1,8,1,8,2,2,4,24,3,3,4,1,4,9,10,10.0,9.0,10,11.0,2,1,2,0,0,0,5,33,0,0,0,0.0,0.0,0.0,2,3,0,0,0,0,0,2,2,23,14,23,16,0,2,18,28
340,363,1,40,2,16,1,3,1,50,1,8,4,6,4,9,9,10.0,10.0,11,11.0,2,1,2,1,0,0,28,1,2,1,1,0.0,0.0,0.0,2,1,1,2,2,2,0,2,4,10,14,11,18,1,4,59,64
342,365,1,16,2,1,2,1,2,8,1,3,3,2,3,9,9,11.0,10.0,9,11.0,2,1,2,1,0,0,4,6,0,1,2,0.0,0.0,0.0,0,0,0,0,0,0,0,2,1,11,20,13,21,2,1,18,13
343,366,2,24,1,6,4,3,3,8,3,7,4,1,4,9,9,10.0,10.0,11,11.0,1,2,1,2,0,0,6,4,1,2,1,0.0,0.0,0.0,2,2,1,3,0,0,0,1,3,13,21,16,22,3,1,33,16
345,369,2,16,1,8,3,1,2,16,4,12,2,7,2,10,9,9.0,10.0,11,11.0,1,2,0,2,0,0,4,23,1,2,1,0.0,0.0,0.0,2,2,1,3,0,0,0,1,3,1,1,4,2,3,1,25,35
348,372,1,16,4,12,4,7,2,52,2,7,1,3,1,11,9,9.0,11.0,10,10.0,1,2,1,2,0,0,2,6,0,2,2,0.0,0.0,0.0,2,2,0,0,0,0,0,1,2,8,3,10,5,2,2,35,62
349,373,2,52,1,12,2,3,3,24,3,8,3,1,3,9,9,10.0,11.0,11,10.0,1,2,1,2,0,0,6,27,1,2,1,0.0,0.0,0.0,1,1,0,0,0,0,0,1,2,10,5,12,6,2,1,67,33
356,381,2,16,3,8,2,3,3,16,3,7,1,3,1,10,9,9.0,10.0,11,11.0,1,2,0,1,0,0,22,6,2,1,1,0.0,0.0,0.0,2,2,1,3,0,0,0,1,3,22,19,26,19,4,0,27,26
359,384,1,16,4,6,2,2,4,8,4,7,4,1,4,9,10,10.0,9.0,11,9.0,2,1,1,1,0,2,22,24,0,1,5,0.0,0.0,0.0,1,2,2,2,0,0,0,1,3,0,5,8,5,8,0,24,16
360,385,2,16,1,12,2,8,3,16,2,6,4,1,4,9,11,10.0,10.0,11,9.0,2,1,1,0,0,2,21,4,1,2,1,0.0,0.0,0.0,2,1,1,2,2,2,0,1,4,8,5,12,6,4,1,36,23
361,386,1,16,1,12,1,2,4,16,3,8,2,2,2,9,10,10.0,9.0,11,11.0,2,1,0,1,0,2,5,5,0,1,5,0.0,0.0,0.0,1,2,2,3,0,0,0,2,3,12,6,17,9,5,3,30,26
363,388,1,8,1,8,4,7,2,42,2,6,1,2,1,9,9,10.0,11.0,10,10.0,1,2,1,0,0,2,0,7,1,2,1,0.0,0.0,0.0,2,2,1,3,0,0,0,1,3,18,10,21,11,3,1,23,50
367,393,2,52,1,24,3,6,2,8,2,7,3,2,3,10,11,9.0,10.0,11,9.0,1,2,1,0,0,2,3,5,1,2,1,0.0,0.0,0.0,2,2,1,2,0,0,0,1,3,2,1,5,2,3,1,82,17
375,401,2,16,1,4,2,1,3,16,3,8,4,3,4,10,9,9.0,10.0,11,11.0,1,2,0,2,0,0,7,6,1,2,1,0.0,0.0,0.0,2,2,1,3,0,0,0,1,3,16,11,19,12,3,1,21,27
385,411,2,24,4,16,2,7,3,50,1,12,4,6,4,9,9,10.0,11.0,11,10.0,1,2,1,1,0,0,3,1,2,2,2,0.0,0.0,0.0,2,2,0,0,0,0,1,1,4,5,3,9,5,4,2,47,68
386,412,1,24,1,8,4,7,4,40,3,24,2,8,2,10,10,11.0,9.0,9,11.0,2,1,2,1,0,0,3,7,2,0,0,0.0,0.0,0.0,0,0,0,0,0,0,0,2,2,9,5,9,7,0,2,39,72
388,414,1,24,4,7,4,4,1,40,1,16,2,2,2,10,10,9.0,9.0,11,11.0,2,1,2,0,0,0,7,7,0,1,2,0.0,0.0,0.0,0,0,0,0,0,0,0,2,3,10,7,12,10,2,3,35,58
389,415,2,40,2,8,4,2,1,50,4,2,4,1,4,9,9,10.0,11.0,11,10.0,1,2,1,0,0,0,25,5,0,2,5,0.0,0.0,0.0,2,2,0,0,0,0,1,1,2,12,10,14,15,2,5,50,53
392,418,1,24,4,16,2,6,2,24,1,16,1,3,1,9,10,10.0,9.0,11,11.0,2,1,0,1,0,0,3,6,2,2,1,0.0,0.0,0.0,2,2,0,0,0,0,1,2,3,17,17,17,21,0,4,46,43
395,422,2,52,1,24,3,3,2,8,3,3,3,2,3,9,9,8.0,10.0,11,11.0,1,2,-130,0,0,0,29,6,0,1,1,0.0,0.0,0.0,2,2,0,0,0,0,0,1,2,2,0,5,0,3,0,79,13
403,430,1,24,4,8,3,3,2,12,4,8,2,1,2,10,11,9.0,9.0,11,9.0,2,1,1,2,0,0,23,25,0,1,2,0.0,0.0,0.0,2,2,0,0,0,0,0,1,1,20,6,23,6,3,0,35,21
435,464,2,42,1,40,2,16,1,52,2,16,1,6,1,9,9,10.0,11.0,11,10.0,1,2,1,0,0,0,29,23,0,0,0,2.0,0.0,0.0,2,3,0,0,0,0,1,1,2,22,17,24,20,2,3,98,74
436,465,2,24,4,24,2,3,4,12,2,8,3,6,3,10,9,9.0,10.0,10,11.0,1,2,1,1,0,0,29,1,2,1,1,0.0,0.0,0.0,1,2,2,2,0,0,0,1,3,1,3,5,3,4,0,51,42
438,467,2,24,4,12,1,7,4,50,2,2,4,1,4,9,9,10.0,11.0,11,10.0,1,2,1,0,0,0,3,30,0,2,1,0.0,0.0,0.0,2,2,0,0,0,0,1,1,1,5,9,6,10,1,1,43,63
443,472,1,52,1,8,3,7,3,24,2,12,3,2,4,9,10,10.0,9.0,11,11.0,2,1,1,0,0,0,1,24,0,0,0,,,,2,2,1,2,0,0,0,1,3,1,0,4,0,3,0,67,34
444,473,2,40,2,24,3,8,4,24,2,16,3,1,4,10,10,9.0,11.0,11,9.0,1,2,1,2,0,1,30,26,0,1,5,,,,1,1,0,0,0,0,0,1,2,4,0,11,0,7,0,72,49
446,475,2,24,3,6,4,2,1,16,1,7,4,4,3,9,10,11.0,11.0,10,9.0,2,1,1,0,0,0,5,7,0,0,0,,,,1,1,2,3,0,0,0,1,3,11,3,14,3,3,0,32,26
450,479,2,24,2,7,3,1,2,50,4,40,4,6,3,10,9,11.0,10.0,9,11.0,1,2,2,0,0,0,4,7,0,0,0,,,,1,2,2,2,0,0,0,2,3,23,7,23,10,0,3,32,63
452,481,2,12,3,7,2,2,3,24,1,7,4,4,4,11,10,10.0,11.0,9,9.0,1,2,2,2,0,0,5,30,1,2,1,,,,1,2,0,0,0,0,0,2,2,23,13,23,16,0,3,21,35
453,482,1,24,2,16,4,2,3,40,2,8,2,3,3,10,9,11.0,11.0,9,10.0,1,2,2,1,0,0,25,26,0,2,2,,,,1,2,0,0,0,0,0,2,2,23,16,23,20,0,4,42,59
454,483,2,42,1,8,4,7,2,16,3,12,3,1,4,9,10,11.0,11.0,10,9.0,2,1,1,0,0,0,7,4,0,0,0,,,,1,2,2,3,0,0,0,1,3,23,20,26,20,3,0,57,25
455,484,1,24,4,16,2,6,4,24,3,16,1,8,2,11,9,8.0,10.0,10,11.0,1,2,2,0,0,0,3,3,0,0,0,,,,2,2,0,0,0,0,0,2,2,0,0,0,2,0,2,46,48
456,485,1,6,1,4,1,2,1,16,4,3,1,3,3,11,11,10.0,9.0,9,9.0,2,1,2,1,0,0,25,28,0,2,2,,,,2,2,0,0,0,0,0,2,2,0,3,0,7,0,4,12,23
459,488,1,40,2,8,4,3,4,24,2,7,1,7,2,11,9,10.0,11.0,9,9.0,1,2,2,0,0,0,27,3,0,0,0,,,,1,1,2,1,1,2,0,2,4,0,0,0,4,0,4,51,39
465,495,2,50,4,12,2,6,3,40,3,24,2,3,1,11,10,10.0,11.0,9,9.0,1,2,1,0,0,0,1,7,0,0,0,,,,2,1,1,1,2,1,0,1,4,6,21,10,21,4,0,68,55
477,508,1,52,1,40,3,3,3,50,2,16,4,3,2,11,9,10.0,11.0,9,10.0,1,2,2,0,0,0,7,6,0,0,0,,,,1,1,2,1,1,2,0,2,4,8,9,8,13,0,4,95,93
486,518,2,24,4,3,4,2,3,40,2,16,2,6,2,9,11,11.0,10.0,10,9.0,2,1,2,0,0,2,28,27,0,1,3,,,,2,1,1,3,0,0,0,2,3,1,1,4,4,3,3,29,49
488,520,2,52,1,8,4,1,1,24,3,7,1,6,2,9,11,10.0,10.0,11,9.0,2,1,1,2,0,0,4,23,1,2,1,,,,2,1,1,3,0,0,0,1,3,6,4,9,5,3,1,61,38
499,531,2,40,2,8,1,7,1,52,3,24,1,8,1,9,11,11.0,10.0,10,9.0,2,1,0,0,0,0,7,24,0,0,0,2.0,,,2,1,1,2,2,3,0,2,4,20,19,20,26,0,7,55,68
505,538,1,52,1,16,3,6,3,24,1,8,3,3,2,11,9,10.0,11.0,9,10.0,1,2,2,0,1,0,23,23,0,1,17,,,,1,1,2,3,0,0,0,2,3,6,7,23,10,17,3,74,43
506,539,2,24,2,8,3,4,1,42,3,16,1,6,2,9,11,11.0,10.0,10,9.0,2,1,1,0,2,0,27,29,0,2,1,,,,1,1,2,2,1,3,0,1,4,23,10,27,11,4,1,36,56
512,545,1,42,1,24,4,2,2,8,4,8,4,3,3,10,9,9.0,10.0,11,10.0,1,2,1,1,0,0,28,6,2,1,1,,,,1,2,2,3,1,3,0,1,4,7,15,12,15,5,0,68,35
514,547,1,16,1,6,3,2,3,40,1,1,2,1,4,10,11,9.0,9.0,11,9.0,2,1,1,0,0,0,22,7,0,0,0,,,,2,2,0,0,0,0,0,1,2,13,16,15,16,2,0,24,47
518,551,1,50,4,8,2,3,1,16,3,8,3,2,3,10,11,11.0,10.0,9,9.0,2,1,1,2,0,0,6,27,1,2,1,,,,2,1,0,0,0,0,0,1,2,23,17,25,18,2,1,61,26
519,552,2,50,4,24,2,7,3,16,1,16,1,3,1,10,10,9.0,10.0,11,9.0,1,2,1,0,0,2,3,28,1,2,1,,,,2,1,1,3,0,0,0,1,3,0,0,3,1,3,1,81,43
528,561,1,8,1,8,4,7,2,42,2,16,1,1,3,9,10,10.0,9.0,10,11.0,2,1,2,0,0,0,0,7,0,0,0,,,,2,2,1,3,2,3,0,2,4,19,7,19,11,0,4,23,51
530,564,1,50,4,7,3,1,2,8,1,6,2,4,4,10,11,11.0,10.0,9,9.0,2,1,2,0,0,0,4,20,0,0,0,,,,1,3,0,0,0,0,0,2,2,2,5,2,7,0,2,58,19
531,565,2,16,4,6,4,3,4,8,1,6,2,1,4,9,11,10.0,9.0,11,9.0,2,1,1,0,0,1,28,24,2,1,1,,,,1,3,0,0,0,0,0,1,2,2,7,5,7,3,0,25,15
540,574,1,52,1,3,3,1,3,42,4,7,1,7,1,11,9,10.0,9.0,9,11.0,1,2,2,0,0,0,6,27,0,0,0,,,,1,1,0,0,0,0,0,2,2,15,21,15,23,0,2,56,52
541,575,2,8,3,7,1,6,2,16,1,6,4,1,1,11,10,10.0,11.0,9,9.0,1,2,1,0,0,0,20,4,0,0,0,,,,0,0,0,0,0,0,0,1,1,15,23,16,23,1,0,21,24
543,577,2,7,3,3,2,2,4,7,3,3,4,2,3,9,11,11.0,9.0,10,10.0,2,1,0,0,0,0,26,26,0,0,0,,,,0,0,0,0,0,0,0,2,1,18,23,18,24,0,1,12,12
544,578,1,16,4,7,4,6,2,7,4,7,3,4,4,9,10,10.0,9.0,11,10.0,2,1,1,0,0,0,22,7,0,0,0,,,,0,0,0,0,0,0,0,1,1,2,0,3,0,1,0,29,18
546,580,1,16,2,6,2,2,1,8,4,8,2,3,1,9,9,11.0,10.0,10,10.0,2,1,2,2,0,0,27,26,0,1,2,,,,1,2,0,0,0,0,0,2,2,5,0,7,2,2,2,24,17
547,581,2,40,2,16,2,2,1,24,2,16,2,7,2,11,9,9.0,10.0,10,11.0,1,2,2,0,2,0,34,23,0,0,0,1.0,,,2,3,0,0,0,0,0,2,2,7,2,10,4,3,2,58,47
550,584,1,40,2,8,4,3,2,24,1,12,3,1,2,9,9,10.0,10.0,11,11.0,1,2,1,0,2,0,7,25,1,2,1,,,,2,3,1,3,0,0,0,1,3,14,4,17,5,3,1,51,33
551,585,2,16,2,12,3,4,1,8,3,7,3,7,3,9,9,10.0,9.0,11,11.0,2,1,1,2,0,0,28,20,0,1,2,,,,0,0,0,0,0,0,0,1,1,17,5,20,5,3,0,32,27
553,587,2,16,1,8,2,7,2,52,3,6,1,3,2,9,9,10.0,11.0,11,10.0,1,2,1,2,0,1,2,26,0,2,5,,,,1,3,0,0,0,0,0,1,2,20,10,22,15,2,5,31,63
554,588,1,50,4,16,4,6,2,42,4,12,1,7,4,9,9,11.0,11.0,10,10.0,2,1,1,0,0,0,23,7,0,0,0,,,,0,0,0,0,0,0,0,1,1,22,15,23,15,1,0,72,65
556,591,1,40,2,24,1,3,4,24,1,6,4,1,2,9,10,11.0,9.0,10,11.0,2,1,0,1,0,0,29,23,2,1,1,,,,1,3,2,3,0,0,0,2,3,0,2,1,5,1,3,67,49
557,592,2,16,2,7,3,3,4,24,2,6,3,4,3,10,9,9.0,10.0,11,11.0,1,2,2,1,0,0,22,30,0,2,2,,,,0,0,0,0,0,0,0,2,1,1,5,1,8,0,3,26,35
558,593,1,12,2,4,3,1,3,16,4,7,2,4,3,9,9,11.0,10.0,10,11.0,2,1,2,0,0,0,7,27,0,0,0,,,,0,0,0,0,0,0,0,2,1,1,8,1,9,0,1,17,24
559,594,2,24,2,6,2,3,2,24,3,12,1,1,1,9,9,10.0,10.0,11,11.0,1,2,0,2,0,0,29,27,0,2,2,,,,0,0,0,0,0,0,0,1,1,1,9,2,11,1,2,33,31
560,595,1,50,4,8,4,1,1,52,3,7,1,6,4,9,9,10.0,10.0,11,11.0,2,1,2,0,0,1,25,21,2,1,1,,,,1,2,2,3,0,0,0,2,3,2,11,3,14,1,3,59,66
561,596,2,24,1,24,3,8,1,16,3,16,2,12,3,10,9,9.0,10.0,10,10.0,1,2,1,1,0,0,23,2,2,1,1,,,,2,3,0,0,0,0,0,1,2,3,14,6,14,3,0,56,52
563,598,2,16,4,16,3,12,3,42,2,16,1,6,1,10,9,9.0,10.0,10,11.0,1,2,2,2,0,0,2,27,1,2,1,,,,2,3,0,0,0,0,0,2,2,7,14,7,17,0,3,44,64
565,600,1,24,4,16,4,7,1,42,1,6,1,1,4,9,10,10.0,11.0,11,9.0,1,2,1,1,0,0,23,27,0,1,2,,,,2,2,0,0,0,0,0,1,2,8,20,12,20,4,0,47,59
569,604,2,24,1,12,3,4,3,8,2,7,1,6,4,11,9,9.0,10.0,10,11.0,1,2,1,0,0,0,7,0,0,0,0,,,,0,0,0,0,0,0,0,1,1,20,20,21,20,1,0,40,26
570,605,1,42,1,12,2,7,4,50,3,16,4,3,4,9,11,10.0,9.0,11,10.0,2,1,1,0,0,0,7,29,0,0,0,2.0,,,0,0,0,0,0,0,0,1,1,21,20,22,23,1,3,61,65
571,607,1,52,1,24,1,2,3,8,2,7,4,3,2,10,9,9.0,10.0,11,11.0,1,2,1,0,0,0,26,6,0,0,0,,,,1,3,0,0,0,0,0,1,2,0,0,2,0,2,0,78,35
572,608,2,8,1,7,4,3,1,8,2,7,3,3,1,9,11,11.0,10.0,10,9.0,2,1,1,2,0,0,6,26,1,2,1,,,,0,0,0,0,0,0,0,1,1,2,0,3,1,1,1,18,18
576,612,2,8,2,6,3,1,2,50,1,16,4,3,1,9,10,10.0,9.0,11,11.0,2,1,2,0,0,0,4,6,0,0,0,,,,2,2,0,0,0,0,0,2,2,5,5,5,7,0,2,15,59
580,616,2,16,2,16,1,3,4,42,1,16,1,8,1,9,10,10.0,9.0,10,11.0,2,1,2,1,0,0,28,27,0,1,2,,,,1,3,2,3,0,0,0,2,3,9,10,11,13,2,3,35,66
583,619,1,8,1,8,3,1,2,52,2,24,1,7,3,10,9,9.0,11.0,10,10.0,1,2,2,0,0,0,4,3,0,0,0,,,,2,3,0,0,0,0,0,2,2,12,16,12,18,0,2,17,67
585,621,1,42,1,8,2,3,1,40,1,7,2,4,4,10,9,9.0,10.0,11,11.0,1,2,1,0,0,0,27,7,0,0,0,,,,1,2,2,3,0,0,0,1,3,13,18,16,18,3,0,53,52
589,625,1,24,3,16,2,6,1,24,4,8,1,8,3,9,9,10.0,9.0,11,11.0,2,1,0,0,0,0,3,23,0,0,0,,,,1,2,0,0,0,0,0,2,2,19,21,19,23,0,2,46,48
594,630,1,8,2,7,4,4,2,50,4,24,4,3,1,10,10,9.0,9.0,11,11.0,2,1,2,1,0,0,27,6,2,1,1,,,,1,3,2,3,0,0,0,2,3,2,11,3,14,1,3,19,60
597,633,2,40,2,24,3,3,1,52,2,8,1,1,4,9,9,10.0,11.0,11,10.0,1,2,1,1,0,0,30,21,2,1,1,,,,1,2,2,2,1,2,0,1,4,5,16,10,16,5,0,67,77
598,634,1,7,3,6,1,3,2,50,1,7,4,2,1,10,10,9.0,9.0,11,11.0,2,1,2,1,0,0,26,5,2,1,1,,,,2,3,0,0,0,0,0,2,2,10,16,11,18,1,2,16,58
599,635,2,52,1,24,4,4,3,40,4,16,2,8,1,10,9,9.0,10.0,11,11.0,1,2,1,1,0,0,30,7,2,1,1,,,,1,2,2,3,1,3,0,1,4,11,18,16,18,5,0,80,72
601,637,2,16,3,12,2,7,1,42,2,24,1,12,3,11,9,9.0,10.0,10,11.0,1,2,2,2,0,0,21,30,0,2,2,,,,2,3,0,0,0,0,0,2,2,16,20,16,24,0,4,35,66
602,638,2,52,1,3,2,1,1,42,1,8,1,4,3,9,10,11.0,11.0,10,9.0,2,1,2,1,0,0,27,27,2,1,1,,,,2,2,0,0,0,0,0,2,2,1,1,2,3,1,2,56,49
605,641,1,24,4,6,2,3,3,16,4,12,3,4,3,9,9,11.0,10.0,10,11.0,2,1,2,0,0,0,23,30,0,0,0,2.0,,,2,2,0,0,0,0,0,2,2,4,6,4,11,0,5,33,26
606,642,2,24,4,12,4,2,3,52,3,6,1,6,1,10,9,9.0,9.0,11,11.0,1,2,2,1,0,0,28,21,2,1,1,,,,2,2,0,0,0,0,0,2,2,4,11,5,13,1,2,38,70
612,648,2,16,1,7,2,3,2,24,2,12,3,6,2,9,11,11.0,10.0,10,9.0,2,1,1,1,0,0,26,21,2,1,1,,,,2,2,0,0,0,0,0,1,2,11,18,14,18,3,0,26,37
616,652,2,50,4,42,2,12,1,24,1,16,1,6,3,10,11,9.0,10.0,11,9.0,1,2,1,2,0,0,7,25,1,2,1,,,,1,2,2,3,1,3,0,1,4,17,21,21,22,4,1,104,72
618,655,2,7,3,6,1,2,1,24,2,16,4,3,2,9,10,10.0,9.0,11,11.0,2,1,2,1,0,0,5,6,2,1,1,,,,1,3,0,0,0,0,0,2,2,2,1,3,3,1,2,15,33
620,657,2,40,2,8,2,3,1,42,1,24,1,1,1,11,10,9.0,11.0,10,9.0,1,2,1,0,0,0,33,34,0,0,0,2.0,,,1,1,0,0,0,0,0,1,2,3,4,5,7,2,3,51,51
623,660,1,24,4,16,2,6,1,24,1,7,3,6,3,11,9,10.0,11.0,9,10.0,1,2,2,0,0,0,3,23,0,0,0,,,,1,2,0,0,0,0,0,2,2,0,0,0,2,0,2,46,46
629,666,2,42,1,40,3,16,2,52,2,8,1,7,4,9,10,10.0,11.0,11,9.0,1,2,1,0,0,0,7,1,0,0,0,,,,1,2,0,0,0,0,0,1,2,6,10,8,10,2,0,98,99
631,668,2,52,1,24,3,2,3,16,3,16,2,8,3,10,10,9.0,9.0,11,10.0,1,2,1,1,0,0,28,22,2,1,1,,,,2,3,1,3,0,0,0,1,3,9,11,13,11,4,0,78,48
640,677,1,50,4,16,2,8,3,24,4,12,1,6,3,10,11,9.0,9.0,11,10.0,2,1,1,0,0,0,23,21,0,0,0,,,,1,3,2,3,0,0,0,1,3,22,14,25,14,3,0,74,46
646,684,1,52,1,16,3,3,2,16,1,7,2,4,4,10,9,9.0,10.0,11,11.0,1,2,1,0,0,0,23,22,0,0,0,,,,2,3,1,3,0,0,0,1,3,6,7,9,7,3,0,71,36
647,685,2,24,1,6,4,4,4,7,3,6,2,2,4,9,9,10.0,11.0,11,10.0,1,2,1,2,0,0,7,25,1,2,1,,,,1,3,0,0,0,0,0,1,2,9,7,11,8,2,1,34,15
654,692,1,24,2,8,4,7,3,42,1,8,1,4,4,11,9,9.0,10.0,10,11.0,1,2,2,0,0,0,3,7,0,0,0,,,,2,2,0,0,0,0,0,2,2,16,12,16,14,0,2,39,54
658,696,2,16,3,4,1,2,2,8,3,7,3,1,3,9,9,10.0,10.0,11,11.0,1,2,1,2,0,0,29,24,0,1,2,,,,2,3,0,0,0,0,0,1,2,0,0,4,0,4,0,22,13
660,698,2,16,3,7,1,6,1,24,2,8,2,6,2,9,11,10.0,9.0,11,10.0,2,1,1,0,0,0,2,23,0,0,0,,,,1,3,0,0,0,0,0,1,2,4,1,6,1,2,0,29,37
664,702,2,50,4,2,3,1,3,42,4,12,1,1,2,9,10,10.0,9.0,11,11.0,2,1,1,1,0,0,26,7,2,1,1,,,,1,3,2,3,1,3,0,1,4,7,6,12,6,5,0,53,45
667,705,1,24,2,8,3,3,1,6,1,6,4,1,2,11,9,9.0,10.0,10,10.0,1,2,1,2,0,0,6,4,1,2,1,,,,2,3,0,0,0,0,0,1,2,16,8,18,9,2,1,35,15
685,724,1,16,4,8,4,3,3,16,1,8,2,7,2,11,9,9.0,10.0,10,11.0,1,2,2,1,0,0,28,22,2,1,1,,,,2,3,0,0,0,0,0,2,2,16,8,17,10,1,2,27,31
687,726,1,24,3,8,4,1,4,16,3,8,3,1,2,11,9,9.0,10.0,10,11.0,1,2,2,2,0,0,23,4,1,2,1,,,,2,3,0,0,0,0,0,2,2,19,10,19,13,0,3,33,25
691,730,1,42,1,24,3,4,2,16,1,8,4,7,1,10,9,9.0,10.0,11,11.0,1,2,1,1,0,0,30,2,2,1,1,,,,2,3,1,3,0,0,0,1,3,22,16,26,16,4,0,70,47
695,735,2,24,1,24,1,2,2,7,4,3,2,1,4,10,11,9.0,10.0,10,9.0,1,2,1,2,0,0,28,26,0,1,2,,,,2,3,0,0,0,0,0,1,2,5,3,9,3,4,0,50,32
701,741,1,16,4,12,4,2,4,7,2,4,2,1,1,11,9,9.0,10.0,10,11.0,1,2,1,1,0,0,27,7,2,1,1,,,,2,3,0,0,0,0,0,1,2,17,9,20,9,3,0,30,20
708,748,2,40,2,12,2,1,4,24,3,16,4,4,4,11,11,9.0,9.0,10,10.0,1,2,2,0,0,0,31,32,0,0,0,2.0,,,2,3,0,0,0,0,0,2,2,3,5,3,10,0,5,53,40
713,753,1,40,2,12,4,2,2,52,2,3,1,3,1,10,9,9.0,9.0,11,11.0,1,2,2,1,0,0,28,27,2,1,1,,,,2,3,1,3,2,3,0,2,4,7,15,8,19,1,4,54,67
724,764,2,16,2,7,1,3,3,24,1,12,4,1,4,9,11,10.0,9.0,11,10.0,2,1,1,2,0,0,26,27,0,2,2,,,,2,2,0,0,0,0,0,1,2,5,4,7,6,2,2,26,32
738,779,2,16,2,16,4,6,1,50,1,24,4,1,4,9,10,10.0,9.0,10,11.0,2,1,2,2,0,0,2,25,1,2,1,,,,1,3,2,3,0,0,0,2,3,3,1,3,5,0,4,38,67
746,787,2,52,1,16,4,2,2,24,4,24,3,12,3,9,10,10.0,9.0,11,10.0,2,1,1,1,0,0,27,24,0,1,2,,,,1,3,2,3,1,3,0,1,4,8,17,14,17,6,0,70,52
749,790,1,24,1,24,3,12,1,50,2,7,4,2,2,10,9,9.0,11.0,10,10.0,1,2,1,0,0,0,3,5,0,0,0,,,,1,2,0,0,0,0,0,1,2,18,18,20,18,2,0,60,76
751,792,2,16,2,6,3,3,3,40,1,16,2,3,1,9,11,10.0,9.0,11,10.0,2,1,0,0,0,0,6,7,0,0,0,,,,2,3,0,0,0,0,0,2,2,22,21,22,23,0,2,25,49
753,795,1,52,1,24,1,8,3,16,1,12,2,2,4,10,9,9.0,10.0,11,11.0,1,2,1,0,0,0,24,5,0,0,0,1.0,,,2,3,1,3,0,0,0,1,3,2,0,8,0,6,0,84,42
755,797,1,40,2,24,3,4,2,16,1,7,1,2,3,10,9,9.0,10.0,11,11.0,1,2,1,2,0,0,7,5,1,2,1,,,,1,3,0,0,0,0,0,1,2,9,1,11,2,2,1,68,42
758,800,2,24,3,8,4,7,1,24,2,8,1,6,3,9,11,11.0,10.0,10,9.0,2,1,1,0,0,0,3,23,0,0,0,,,,1,3,0,0,0,0,0,1,2,13,5,15,5,2,0,39,38
762,804,2,7,4,7,3,2,2,24,1,16,1,4,3,9,11,10.0,9.0,10,10.0,2,1,2,0,0,1,5,7,2,1,1,,,,1,2,2,3,1,3,0,2,4,3,0,4,4,1,4,16,35
763,805,1,52,1,24,2,12,2,16,1,6,4,2,4,10,9,9.0,11.0,11,10.0,1,2,1,0,0,2,24,27,0,1,3,,,,1,2,0,0,0,0,0,1,2,4,4,9,4,5,0,88,42
765,807,1,50,4,24,4,7,3,24,4,8,3,8,2,10,9,9.0,9.0,11,11.0,1,2,1,0,0,0,24,23,0,0,0,1.0,,,1,2,2,2,1,2,0,1,4,11,4,18,4,7,0,81,56
767,809,1,3,3,2,3,1,1,16,2,2,1,2,4,9,9,11.0,9.0,10,11.0,2,1,2,0,0,1,30,27,0,1,3,,,,1,3,2,3,1,3,0,2,4,19,4,22,8,3,4,6,20
768,810,2,7,2,3,3,1,2,52,1,40,1,6,2,9,10,11.0,9.0,10,11.0,2,1,2,0,0,2,6,27,0,2,3,,,,2,1,1,2,2,2,0,2,4,22,8,22,15,0,7,11,61
769,811,1,42,1,8,3,3,2,24,3,7,1,6,2,11,9,10.0,11.0,9,10.0,1,2,2,0,0,1,26,20,2,1,1,,,,1,3,0,0,0,0,0,2,2,22,15,23,17,1,2,53,38
773,815,2,8,1,2,2,1,1,40,3,7,2,6,2,11,9,10.0,11.0,9,10.0,1,2,2,2,0,0,5,27,1,2,1,,,,1,2,0,0,0,0,0,2,2,8,1,8,4,0,3,11,48
776,818,1,12,3,3,3,1,4,8,1,4,4,2,1,9,9,11.0,11.0,10,10.0,2,1,2,1,0,0,25,27,2,1,1,,,,0,0,0,0,0,0,0,2,1,9,5,10,6,1,1,16,13
778,820,1,24,4,6,2,1,4,50,2,8,4,2,1,10,10,11.0,9.0,9,11.0,2,1,2,1,0,0,24,21,0,1,2,,,,1,3,0,0,0,0,0,2,2,11,6,13,8,2,2,31,58
780,822,1,52,1,3,3,2,3,16,3,6,3,4,3,9,9,11.0,10.0,10,11.0,2,1,2,0,1,0,31,29,0,0,0,2.0,,,1,3,0,0,0,0,0,2,2,16,8,16,13,0,5,57,23
781,823,2,24,2,12,4,7,3,52,2,24,1,3,4,9,9,10.0,11.0,11,10.0,1,2,0,0,1,0,24,6,0,2,8,,,,0,0,0,0,0,0,0,1,1,16,13,17,21,1,8,43,67
784,826,1,8,1,7,2,7,1,12,4,2,3,1,2,9,11,9.0,9.0,11,10.0,2,1,1,0,0,0,0,5,0,0,0,,,,0,0,0,0,0,0,0,1,1,22,21,23,21,1,0,22,20
785,827,2,3,2,3,3,1,4,2,1,1,3,1,1,10,9,9.0,11.0,10,9.0,1,2,1,0,0,0,6,5,0,0,0,,,,0,0,0,0,0,0,0,1,1,23,21,24,21,1,0,7,6
787,829,1,40,2,7,1,6,4,24,1,3,3,1,1,10,11,9.0,10.0,11,9.0,2,1,1,1,0,0,20,6,2,1,1,,,,2,1,1,2,0,0,0,1,3,2,2,6,2,4,0,53,32
789,831,1,42,1,6,4,2,3,16,2,8,1,3,3,10,10,11.0,11.0,9,9.0,2,1,2,0,0,2,7,26,1,2,1,,,,2,1,1,2,2,3,0,2,4,9,3,9,8,0,5,50,25
791,833,2,24,4,8,2,2,3,50,1,7,4,3,1,9,11,10.0,10.0,11,9.0,2,1,1,0,0,0,5,6,0,0,0,,,,2,1,1,2,2,3,0,1,4,12,9,16,9,4,0,34,61
794,836,1,24,4,16,3,8,1,42,2,7,1,1,1,11,11,9.0,10.0,10,9.0,2,1,1,0,0,0,3,31,0,0,0,2.0,,,1,1,2,2,1,2,0,1,4,17,12,21,15,4,3,48,59
795,837,2,50,4,16,3,8,1,40,1,24,2,3,1,11,10,10.0,11.0,9,9.0,1,2,1,0,0,2,2,29,1,2,1,,,,2,1,1,1,2,2,0,1,4,21,15,25,16,4,1,74,59
799,842,1,42,1,24,2,1,1,40,3,16,2,6,2,10,11,11.0,10.0,9,9.0,2,1,2,0,0,0,7,27,0,0,0,,,,1,1,2,2,0,0,0,2,3,4,0,4,3,0,3,67,70
800,843,2,42,1,40,4,6,2,52,2,24,1,6,2,10,10,11.0,11.0,9,9.0,1,2,0,0,0,0,7,23,0,0,0,,,,1,1,0,0,0,0,0,1,2,4,3,6,3,2,0,88,98
806,850,2,52,1,8,4,2,3,24,3,12,1,4,4,11,11,10.0,10.0,9,9.0,1,2,2,0,0,0,5,7,0,0,0,,,,1,1,2,3,0,0,0,2,3,3,1,3,4,0,3,62,36
809,853,1,50,4,6,2,3,2,24,4,6,2,4,4,11,9,10.0,11.0,9,10.0,1,2,2,0,0,1,21,23,2,1,1,,,,1,1,2,3,1,3,0,2,4,6,5,7,9,1,4,59,34
824,868,2,24,4,16,3,2,2,24,1,12,3,1,2,9,9,10.0,11.0,11,10.0,1,2,1,0,0,0,5,25,0,0,0,,,,2,1,1,3,0,0,0,1,3,10,17,13,17,3,0,42,41
829,873,2,12,3,7,1,7,2,16,4,6,3,3,3,9,11,9.0,10.0,11,9.0,2,1,1,2,0,0,1,28,0,2,2,,,,2,2,0,0,0,0,0,1,2,0,1,2,3,2,2,26,26
830,874,1,52,1,6,4,3,2,16,1,7,4,4,3,9,9,11.0,11.0,10,10.0,2,1,2,1,0,0,21,7,2,1,1,,,,1,2,0,0,0,0,0,2,2,2,3,3,5,1,2,61,26
831,875,2,24,3,6,2,2,1,50,3,8,4,1,3,10,9,11.0,11.0,9,10.0,1,2,2,0,0,0,23,4,0,0,0,,,,0,0,0,0,0,0,0,2,1,0,2,0,3,0,1,32,57
834,878,1,50,4,8,1,1,2,24,1,16,3,3,4,10,10,11.0,11.0,9,9.0,2,1,2,0,0,0,24,6,0,0,0,,,,1,1,0,0,0,0,0,2,2,0,8,0,10,0,2,59,35
837,881,1,24,4,3,2,2,3,24,4,2,2,1,2,10,9,9.0,11.0,11,10.0,1,2,1,1,0,0,29,27,0,1,2,,,,0,0,0,0,0,0,0,1,1,2,2,5,2,3,0,29,28
845,889,2,16,1,1,1,1,2,24,4,16,1,3,1,11,9,9.0,10.0,9,11.0,1,2,2,2,0,0,26,29,1,2,1,,,,0,0,0,0,0,0,0,2,1,13,12,13,14,0,2,18,28
846,890,1,24,3,7,1,3,3,12,3,12,2,1,1,9,10,11.0,10.0,10,9.0,2,1,1,0,0,0,23,4,0,0,0,,,,2,1,0,0,0,0,0,1,2,13,14,15,14,2,0,34,20
849,893,2,24,4,7,3,4,3,24,1,16,2,7,3,11,9,9.0,10.0,10,11.0,1,2,2,2,0,0,7,22,1,2,1,,,,2,2,1,3,0,0,0,2,3,17,18,17,22,0,4,35,38
850,894,1,24,1,12,1,3,3,42,2,7,1,6,2,9,11,10.0,9.0,11,10.0,2,1,1,1,0,0,29,7,2,1,1,,,,1,2,0,0,0,0,0,1,2,17,22,20,22,3,0,39,60
853,897,1,24,2,8,4,1,3,8,4,7,2,7,1,10,9,9.0,9.0,11,11.0,1,2,1,0,0,0,24,0,0,0,0,,,,1,2,2,3,1,3,0,1,4,1,0,5,0,4,0,33,23
855,899,1,24,3,2,1,2,1,3,4,3,3,1,3,9,10,11.0,10.0,9,9.0,2,1,1,0,2,0,5,30,1,2,1,,,,0,0,0,0,0,0,0,1,1,6,0,7,1,1,1,28,6
857,901,1,52,1,16,3,6,3,24,2,12,2,6,1,9,10,11.0,11.0,10,9.0,2,1,1,0,0,0,2,3,0,0,0,,,,1,2,2,3,0,0,0,1,3,8,1,11,1,3,0,74,46
859,903,1,24,3,8,1,3,2,24,4,3,4,1,3,10,11,11.0,10.0,9,9.0,2,1,1,0,0,0,6,6,0,0,0,,,,2,2,0,0,0,0,0,1,2,12,1,14,1,2,0,35,33
870,915,1,12,3,7,2,3,2,24,1,7,4,2,3,11,9,10.0,11.0,9,10.0,1,2,2,1,0,0,6,5,2,1,1,,,,1,1,0,0,0,0,0,2,2,6,4,7,6,1,2,22,33
874,919,1,16,4,7,4,2,3,24,4,6,1,4,4,10,9,11.0,11.0,9,10.0,1,2,2,0,0,0,27,7,0,0,0,1.0,,,1,1,0,0,0,0,0,2,2,10,12,13,14,3,2,25,35
886,932,2,16,1,12,2,6,3,16,2,6,4,1,4,10,10,9.0,11.0,11,9.0,1,2,1,2,0,0,21,26,0,2,2,,,,1,1,0,0,0,0,0,1,2,4,2,6,4,2,2,34,29
890,936,2,42,1,8,3,4,4,16,2,7,4,6,2,10,10,9.0,9.0,11,11.0,1,2,1,0,0,0,7,22,0,0,0,,,,2,3,1,3,0,0,0,1,3,7,10,10,10,3,0,54,30
903,950,1,50,4,40,4,6,4,52,2,7,1,4,3,9,10,10.0,9.0,11,11.0,2,1,2,0,0,0,21,7,0,0,0,,,,1,2,2,2,0,0,0,2,3,18,11,18,14,0,3,96,96
906,953,2,24,1,16,2,2,4,52,2,24,1,7,2,9,10,10.0,9.0,11,11.0,2,1,2,1,0,0,27,3,2,1,1,,,,2,1,1,3,2,3,0,2,4,20,19,21,23,1,4,42,75
908,956,1,50,4,24,4,6,4,24,1,7,3,1,4,9,10,11.0,11.0,10,9.0,2,1,1,1,0,0,21,24,0,2,2,,,,2,2,1,3,0,0,0,1,3,0,2,3,4,3,2,80,49
912,960,2,42,1,8,3,1,4,52,4,6,1,6,3,10,9,9.0,9.0,11,11.0,1,2,2,0,0,0,7,1,0,0,0,,,,2,1,1,2,2,3,0,2,4,8,12,8,16,0,4,51,66
914,962,2,16,4,7,2,2,2,12,3,7,2,6,4,11,11,9.0,9.0,10,10.0,1,2,0,0,0,0,5,21,0,0,0,,,,2,3,0,0,0,0,0,1,2,9,17,11,17,2,0,25,25
917,966,2,24,2,6,3,4,3,16,3,12,3,1,4,9,9,10.0,10.0,11,11.0,1,2,1,0,1,0,27,23,0,1,1,,,,2,1,1,3,0,0,0,1,3,2,23,6,23,4,0,34,23
918,967,1,16,4,12,4,8,1,40,2,8,2,1,1,10,9,11.0,11.0,9,10.0,1,2,0,0,0,0,22,24,0,0,0,,,,1,2,2,3,1,3,0,1,4,6,23,10,23,4,0,36,53
1876,1969,2,40,2,6,3,2,4,42,4,7,1,1,2,9,9,10.0,10.0,11,11.0,1,2,2,0,0,0,7,7,0,0,0,,,,2,3,0,0,0,0,0,2,2,2,5,2,7,0,2,48,49
1881,1974,1,6,1,3,1,2,4,24,4,7,3,1,3,11,10,9.0,9.0,10,9.0,2,1,2,0,0,2,25,27,1,2,1,,,,2,3,0,0,0,0,1,2,1,3,17,3,19,0,2,11,28
1882,1975,2,42,1,6,4,3,3,24,3,24,1,7,2,9,9,11.0,10.0,10,10.0,2,1,2,0,0,0,7,3,0,0,0,,,,2,2,1,3,2,3,0,2,4,3,19,3,23,0,4,51,37
1885,1979,1,50,4,7,4,6,2,24,4,6,2,6,1,10,9,9.0,11.0,11,9.0,1,2,1,0,0,0,21,23,0,0,0,1.0,,,1,2,2,3,1,3,0,1,4,8,3,15,3,7,0,63,37
1886,1980,2,6,4,6,1,2,2,16,2,3,2,2,3,10,10,9.0,11.0,10,9.0,1,2,1,0,2,0,5,28,1,2,1,,,,2,2,1,3,0,0,0,1,3,15,3,18,4,3,1,14,24
1894,1989,2,40,2,12,3,12,4,24,2,6,2,2,3,9,9,9.0,11.0,11,10.0,1,2,1,1,0,0,28,5,2,1,1,,,,1,2,2,3,1,3,0,1,4,4,6,9,6,5,0,64,38
1897,1992,1,42,1,24,4,2,2,16,1,3,1,1,4,10,9,9.0,10.0,11,11.0,1,2,1,1,0,0,30,6,2,1,1,,,,2,3,1,3,0,0,0,1,3,13,7,17,7,4,0,68,41
1905,2001,2,8,4,6,1,2,3,7,4,6,1,1,2,9,9,10.0,11.0,11,10.0,1,2,1,0,0,0,20,4,0,0,0,,,,2,3,1,3,0,0,0,1,3,1,1,4,1,3,0,16,14
1907,2003,2,50,4,7,2,1,2,24,1,12,3,6,2,10,9,9.0,10.0,11,11.0,1,2,1,2,0,0,4,21,1,2,1,,,,1,2,2,2,1,3,0,1,4,6,5,10,6,4,1,58,37
1909,2005,2,16,1,16,4,4,2,24,3,7,1,1,4,9,9,10.0,11.0,10,10.0,1,2,1,1,0,0,7,4,2,1,1,,,,2,3,1,3,0,0,0,1,3,10,9,14,9,4,0,36,41
1918,2015,2,52,1,7,2,1,4,50,4,24,4,16,4,9,9,11.0,10.0,10,11.0,2,1,2,0,0,0,4,26,0,0,0,2.0,,,2,1,0,0,0,0,0,2,2,3,8,3,13,0,5,60,73
1920,2017,2,52,1,6,1,2,4,50,4,24,4,7,3,9,9,11.0,10.0,10,11.0,2,1,2,2,0,0,26,24,0,1,2,,,,2,2,0,0,0,0,0,2,2,3,15,5,17,2,2,60,63
1927,2025,2,24,1,3,3,2,3,24,4,4,2,1,4,9,9,10.0,10.0,11,11.0,1,2,0,1,2,0,6,7,1,2,2,,,,2,3,1,3,2,3,0,1,4,15,7,19,9,4,2,29,28
1928,2026,1,4,3,3,2,2,4,12,3,8,3,1,1,11,10,9.0,9.0,10,9.0,2,1,2,0,0,1,33,4,2,1,1,,,,1,2,2,3,0,0,1,2,2,19,9,20,11,1,2,9,16
1932,2031,2,16,3,8,2,6,4,50,1,6,4,2,2,9,9,10.0,11.0,11,10.0,1,2,1,2,0,0,2,21,1,2,1,,,,2,2,1,3,0,0,0,1,3,2,3,5,4,3,1,30,60
1933,2032,1,12,2,7,4,6,2,16,4,16,1,3,4,9,10,10.0,9.0,11,10.0,2,1,2,0,0,0,20,6,0,0,0,,,,1,2,2,3,0,0,0,2,3,5,4,5,7,0,3,25,26
1934,2033,2,24,2,12,4,7,3,24,2,8,4,6,2,9,9,10.0,11.0,11,10.0,1,2,1,1,0,0,24,3,2,1,1,,,,1,3,0,0,0,0,0,1,2,5,7,8,7,3,0,43,42
1937,2036,1,42,1,16,1,7,4,16,4,7,3,7,3,10,9,9.0,11.0,11,9.0,1,2,1,1,0,0,27,22,0,1,2,,,,1,2,2,3,1,3,0,1,4,13,9,19,9,6,0,65,39
1938,2037,2,52,1,50,3,6,4,8,4,4,2,3,3,9,9,8.0,10.0,11,11.0,1,2,1,2,0,0,1,7,1,2,1,,,,2,3,1,3,0,0,0,1,3,19,9,22,10,3,1,108,61
1944,2044,2,52,1,8,4,6,4,16,2,16,3,6,3,10,9,9.0,10.0,11,10.0,1,2,1,2,0,0,1,22,1,2,1,,,,1,1,2,3,1,3,0,1,4,3,2,7,3,4,1,66,30
1957,2058,2,24,3,6,4,3,4,16,2,7,3,1,2,9,9,10.0,10.0,11,11.0,1,2,1,1,0,0,6,4,2,1,1,,,,2,3,1,3,0,0,0,1,3,0,4,4,4,4,0,33,23
1960,2061,1,40,2,1,4,1,4,50,1,16,4,2,3,9,9,11.0,10.0,9,11.0,2,1,2,0,0,0,7,23,0,0,0,,,,2,2,0,0,0,0,0,2,2,0,0,0,2,0,2,42,53
1962,2063,1,52,1,6,4,1,4,12,3,8,2,6,2,9,9,11.0,10.0,10,11.0,2,1,2,0,0,0,4,21,0,0,0,,,,1,2,2,3,0,0,0,2,3,1,4,1,7,0,3,59,24
1963,2064,2,16,3,1,3,1,2,24,2,12,4,6,1,11,9,9.0,10.0,9,11.0,1,2,2,1,0,0,26,3,2,1,1,,,,1,2,2,2,1,2,0,2,4,1,7,2,11,1,4,18,31
1964,2065,1,50,4,7,4,2,3,16,4,7,1,3,1,9,9,11.0,10.0,10,11.0,2,1,2,0,0,0,26,28,0,0,0,1.0,,,1,3,2,3,0,0,0,2,3,2,11,5,14,3,3,59,26
1965,2066,2,42,1,16,4,1,4,7,4,7,1,4,3,10,10,9.0,9.0,11,10.0,1,2,1,1,0,0,26,7,0,1,2,,,,2,2,1,3,0,0,0,1,3,5,14,10,14,5,0,59,27
1971,2073,2,40,2,8,4,7,3,52,4,12,1,2,2,9,10,10.0,9.0,11,11.0,2,1,2,1,0,0,20,5,2,1,1,,,,2,2,1,3,2,3,0,2,4,9,7,10,11,1,4,55,62
1972,2074,1,24,3,7,3,2,3,24,4,16,1,2,4,9,10,10.0,9.0,11,11.0,2,1,0,1,0,0,28,5,2,1,1,,,,1,3,2,3,0,0,0,2,3,10,11,11,14,1,3,33,33
1975,2077,1,42,1,6,2,2,4,24,3,16,4,7,2,9,9,11.0,10.0,10,11.0,2,1,2,2,0,0,7,25,1,2,1,,,,1,3,2,3,0,0,0,2,3,12,21,12,24,0,3,50,37
1977,2080,1,7,2,7,4,3,3,40,1,16,2,3,1,9,10,10.0,9.0,10,11.0,2,1,2,0,0,0,6,7,0,0,0,,,,1,2,2,3,0,0,0,2,3,3,5,3,8,0,3,17,50
1981,2084,1,16,1,7,1,6,3,12,1,7,3,1,4,9,10,10.0,9.0,11,11.0,2,1,1,0,0,0,22,21,0,0,0,1.0,,,1,3,0,0,0,0,0,1,2,7,14,12,14,5,0,29,20
1982,2085,2,8,3,6,4,4,1,16,4,8,3,7,3,9,11,11.0,9.0,10,10.0,2,1,2,2,0,0,27,22,0,1,2,,,,1,3,2,3,1,3,0,2,4,12,14,14,18,2,4,18,29
1984,2088,1,16,3,8,3,1,1,24,3,16,4,1,4,9,10,10.0,9.0,11,11.0,2,1,2,0,0,0,26,27,0,0,0,1.0,,,1,3,2,3,1,3,0,2,4,4,5,7,9,3,4,25,33
1987,2091,2,50,4,8,3,6,1,52,2,8,1,1,4,9,9,10.0,11.0,11,10.0,1,2,1,0,0,0,1,21,0,0,0,,,,1,3,0,0,0,0,0,1,2,11,11,13,11,2,0,64,61
1988,2092,1,40,2,7,2,1,2,8,4,7,2,1,4,9,10,10.0,9.0,11,9.0,2,1,1,0,0,1,31,20,2,1,1,,,,1,2,0,0,0,0,0,1,2,13,11,16,11,3,0,48,16
1989,2093,2,52,1,40,2,3,3,16,2,8,4,6,1,10,11,9.0,9.0,11,10.0,1,2,1,0,1,0,33,2,2,1,1,,,,1,3,0,0,0,0,0,1,2,16,11,19,11,3,0,95,62
1992,2096,1,40,2,3,4,2,3,42,3,12,1,7,3,9,9,11.0,10.0,10,11.0,2,1,2,0,0,0,7,21,0,0,0,,,,1,2,2,2,1,2,0,2,4,23,13,23,17,0,4,45,52
1993,2098,2,8,2,7,2,2,1,50,4,8,4,7,2,9,10,11.0,9.0,10,11.0,2,1,2,1,0,0,25,1,2,1,1,,,,2,3,0,0,0,0,0,2,2,1,0,2,2,1,2,17,64
1994,2099,1,8,1,7,2,2,4,16,4,6,3,4,3,9,9,10.0,10.0,11,11.0,2,1,2,0,0,0,5,29,0,0,0,,,,1,3,2,3,0,0,0,2,3,2,2,2,5,0,3,17,27
1997,2102,2,42,1,24,3,8,2,52,3,24,1,2,3,11,10,9.0,11.0,10,9.0,1,2,1,1,0,0,23,5,2,1,1,,,,1,2,0,0,0,0,0,1,2,7,5,10,5,3,0,74,78
2000,2105,1,7,3,4,3,2,1,6,3,3,1,1,3,9,10,10.0,9.0,11,9.0,2,1,1,0,0,0,32,26,0,0,0,1.0,,,0,0,0,0,0,0,0,1,1,15,8,19,8,4,0,13,11
2003,2108,2,40,2,7,2,1,4,42,4,8,1,3,3,10,9,9.0,10.0,11,11.0,1,2,2,0,0,1,31,7,2,1,1,,,,2,3,1,3,2,3,0,2,4,7,3,8,7,1,4,48,52
2006,2112,1,24,4,16,2,6,1,40,1,24,2,3,4,11,11,9.0,9.0,10,10.0,2,1,2,0,0,0,3,7,0,0,0,,,,1,1,2,3,0,0,0,2,3,2,6,2,9,0,3,46,59
2008,2114,1,12,3,7,4,2,2,24,3,7,1,1,2,9,10,10.0,9.0,11,11.0,2,1,2,2,0,0,21,24,1,2,1,,,,1,3,2,3,0,0,0,2,3,4,9,4,13,0,4,21,32
2018,2124,2,50,4,7,3,7,2,24,1,12,1,3,4,9,9,9.0,10.0,11,11.0,1,2,1,0,0,0,1,6,0,0,0,,,,1,2,2,3,1,3,0,1,4,12,2,16,2,4,0,64,34
2023,2131,1,6,4,4,2,2,3,50,4,8,4,1,1,9,10,10.0,9.0,11,9.0,2,1,2,0,0,0,27,4,0,0,0,,,,2,3,0,0,0,0,1,2,1,7,0,7,1,0,1,12,55
2025,2133,1,24,2,16,4,3,4,42,3,7,1,2,2,9,10,10.0,9.0,11,11.0,2,1,2,0,0,0,6,7,0,0,0,,,,1,3,2,3,1,3,0,2,4,12,2,12,6,0,4,43,60
2026,2134,2,50,4,24,1,3,1,24,4,7,3,6,3,10,9,9.0,10.0,11,11.0,1,2,1,2,0,0,24,23,0,1,2,,,,2,3,1,3,0,0,0,1,3,12,6,17,6,5,0,77,54
2033,2141,1,16,3,3,4,2,3,40,2,3,2,2,2,9,10,10.0,9.0,11,11.0,2,1,2,2,0,0,6,32,1,2,1,,,,1,3,2,3,0,0,0,2,3,2,9,2,13,0,4,21,45
2034,2142,2,8,1,7,3,2,4,40,1,16,2,6,1,9,10,10.0,9.0,11,11.0,2,1,2,1,0,0,20,7,2,1,1,,,,1,3,2,3,1,3,0,2,4,2,13,3,17,1,4,17,53
2037,2145,1,16,4,7,4,2,3,24,3,8,3,1,2,9,10,10.0,9.0,11,11.0,2,1,2,1,0,0,27,23,2,1,1,,,,1,3,2,3,0,0,0,2,3,7,18,8,21,1,3,25,32
2038,2146,2,16,3,6,4,1,2,24,4,16,1,4,4,9,10,10.0,9.0,11,11.0,2,1,2,1,0,0,24,7,2,1,1,,,,1,2,2,3,0,0,0,2,3,8,21,9,24,1,3,23,34
2042,2152,2,16,1,8,1,6,4,50,3,8,4,3,1,11,10,10.0,11.0,9,9.0,1,2,1,0,0,0,22,21,0,0,0,,,,2,2,0,0,0,0,0,1,2,6,2,8,2,2,0,30,61
2047,2157,1,16,2,8,3,4,3,24,3,12,3,6,2,9,9,11.0,10.0,10,11.0,2,1,2,1,0,0,27,24,0,1,2,,,,1,3,2,3,0,0,0,2,3,16,5,18,8,2,3,28,38
2049,2160,1,24,1,12,4,2,3,16,3,8,4,2,2,11,9,10.0,11.0,9,10.0,1,2,2,2,0,0,5,5,1,2,1,,,,1,3,0,0,0,0,0,2,2,1,3,1,6,0,3,38,30
2051,2162,1,50,4,6,3,1,2,24,2,16,4,8,3,9,9,11.0,10.0,10,11.0,2,1,2,0,0,0,4,3,0,0,0,,,,2,3,0,0,0,0,0,2,2,2,6,2,8,0,2,57,38
2057,2169,2,52,1,40,1,24,4,16,2,7,1,6,1,9,9,8.0,10.0,11,11.0,1,2,1,2,0,0,24,22,0,1,2,,,,2,3,1,3,0,0,0,1,3,2,0,7,0,5,0,116,62
2070,2183,2,24,1,8,3,3,1,42,3,8,1,2,4,11,10,10.0,11.0,9,9.0,1,2,1,2,0,1,26,27,2,1,2,,,,1,1,0,0,0,0,0,1,2,8,13,12,13,4,0,35,52
2077,2190,1,52,1,16,4,1,1,40,3,7,2,6,3,9,9,10.0,10.0,11,11.0,2,1,1,0,0,1,4,7,2,1,1,,,,1,2,0,0,0,0,0,1,2,17,22,20,22,3,0,69,62
2079,2193,2,8,4,7,4,4,2,16,1,3,3,2,4,9,11,10.0,9.0,11,10.0,2,1,1,0,0,1,27,6,2,1,1,,,,2,3,0,0,0,0,0,1,2,1,3,4,3,3,0,19,25
2083,2197,2,6,1,4,3,4,4,24,4,16,4,2,4,9,10,9.0,9.0,11,11.0,2,1,2,0,0,0,7,30,0,0,0,2.0,,,1,3,2,3,0,0,0,2,3,9,5,9,11,0,6,14,30
2087,2201,2,16,1,16,1,2,2,40,3,24,2,3,1,9,10,10.0,9.0,10,11.0,2,1,2,2,0,1,27,30,0,2,5,,,,1,2,2,3,0,0,0,2,3,15,15,15,23,0,8,34,59
2089,2203,2,16,3,6,3,1,2,24,4,16,1,3,4,9,10,10.0,9.0,11,11.0,2,1,2,0,0,1,26,6,2,1,1,,,,1,3,2,3,1,3,0,2,4,17,23,18,24,1,1,23,33
2090,2205,1,24,4,16,1,16,1,50,4,24,4,6,2,11,11,9.0,9.0,9,10.0,2,1,2,1,0,0,25,3,2,1,1,,,,2,3,0,0,0,0,0,2,2,2,0,3,2,1,2,56,72
2091,2206,2,24,1,7,4,7,1,52,3,7,1,2,1,11,10,9.0,11.0,9,9.0,1,2,1,0,0,0,3,26,0,0,0,2.0,,,0,0,0,0,0,0,0,1,1,3,2,4,5,1,3,38,61
2099,2214,2,16,2,3,1,1,4,24,2,8,3,7,1,9,11,11.0,10.0,10,9.0,2,1,2,1,0,2,28,3,1,2,2,,,,0,0,0,0,0,0,0,2,1,0,0,0,3,0,3,20,34
2100,2215,1,52,1,8,4,7,4,24,2,16,2,7,1,9,10,11.0,11.0,10,9.0,2,1,1,0,0,0,1,3,0,0,0,,,,2,1,0,0,0,0,0,1,2,0,3,2,3,2,0,67,39
2103,2218,2,24,2,8,1,1,1,40,4,3,2,2,1,10,10,9.0,9.0,11,11.0,1,2,2,2,0,0,4,31,1,2,1,,,,2,3,0,0,0,0,0,2,2,3,8,3,11,0,3,33,50
2106,2221,1,3,4,3,3,1,2,6,2,2,4,1,1,10,11,10.0,9.0,9,10.0,2,1,2,0,0,0,6,5,0,0,0,,,,0,0,0,0,0,0,0,2,1,6,13,6,14,0,1,7,10
2111,2226,2,40,2,24,1,2,3,16,3,12,3,6,1,10,11,9.0,9.0,11,10.0,1,2,1,0,0,0,7,23,0,0,0,,,,1,3,0,0,0,0,0,1,2,10,18,12,18,2,0,66,46
2117,2233,2,24,1,12,1,6,3,50,3,24,4,3,1,9,10,10.0,9.0,11,11.0,2,1,2,1,0,0,23,6,2,1,1,,,,1,3,2,3,0,0,0,2,3,2,1,3,4,1,3,42,65
2120,2236,1,7,2,6,4,2,3,50,3,3,4,3,2,9,9,10.0,9.0,11,11.0,2,1,2,2,0,0,5,6,1,2,1,,,,1,3,2,3,0,0,0,2,3,8,5,8,9,0,4,15,59
2121,2237,2,16,2,16,2,6,1,24,1,24,2,12,2,9,10,10.0,9.0,10,10.0,2,1,2,1,0,0,22,24,0,2,2,,,,1,2,2,3,0,0,0,2,3,8,9,8,14,0,5,38,52
2129,2246,1,7,1,7,4,7,2,24,2,12,4,3,3,9,10,9.0,9.0,9,11.0,2,1,2,0,0,1,0,6,2,1,1,,,,2,3,0,0,0,0,0,2,2,10,22,11,24,1,2,21,34
2130,2247,2,24,4,8,3,3,1,52,4,16,1,6,1,10,9,9.0,10.0,11,11.0,1,2,2,0,0,0,23,23,0,0,0,2.0,,,1,2,2,3,0,0,0,2,3,0,0,0,6,0,6,35,66
2133,2250,1,16,1,3,4,2,4,12,1,8,2,1,4,9,10,10.0,9.0,11,9.0,2,1,1,1,0,0,28,24,0,1,2,,,,0,0,0,0,0,0,0,1,1,2,9,5,9,3,0,21,16
2134,2251,2,50,4,12,4,2,4,16,2,7,2,7,1,10,9,9.0,9.0,11,11.0,1,2,1,0,0,0,26,2,0,0,0,,,,1,2,2,3,0,0,0,1,3,5,9,8,9,3,0,64,35
2139,2256,1,8,1,3,1,2,2,24,1,2,3,1,1,11,11,9.0,9.0,10,9.0,2,1,2,1,0,2,31,5,0,1,5,,,,2,3,0,0,0,0,1,2,1,9,16,14,17,5,1,13,28
2143,2260,2,24,4,16,1,3,1,24,4,6,3,6,4,10,9,9.0,9.0,11,11.0,1,2,0,0,0,0,25,3,0,0,0,,,,2,3,1,3,2,3,0,1,4,21,22,24,22,3,0,43,46
2146,2264,1,8,3,8,2,7,1,52,4,6,1,3,4,10,9,10.0,11.0,9,10.0,1,2,1,2,0,0,0,21,1,2,1,,,,2,3,1,3,0,0,0,1,3,1,4,4,5,3,1,23,63
2147,2265,2,42,1,7,3,4,2,40,3,12,2,1,3,9,9,10.0,10.0,11,11.0,1,2,1,0,0,2,27,28,0,2,3,,,,2,3,0,0,0,0,0,1,2,4,5,6,8,2,3,53,48
2149,2267,2,24,3,6,2,2,3,42,1,16,1,3,3,10,9,9.0,10.0,11,11.0,1,2,2,2,0,0,5,28,1,2,1,,,,2,3,0,0,0,0,0,2,2,7,10,7,13,0,3,32,51
2150,2268,1,50,4,16,4,2,3,40,1,12,2,3,2,10,9,9.0,10.0,11,11.0,1,2,1,1,0,2,26,33,1,2,2,,,,2,3,1,3,0,0,0,1,3,7,13,10,15,3,2,68,59
2151,2269,1,52,1,4,3,1,1,8,3,3,1,1,2,9,10,10.0,9.0,11,9.0,2,1,1,0,0,1,31,26,0,1,3,,,,1,3,2,3,1,3,0,1,4,10,22,17,22,7,0,57,13
2155,2274,2,50,4,16,2,16,2,24,4,6,4,4,3,9,9,9.0,11.0,11,10.0,1,2,1,1,0,0,23,7,2,1,1,,,,2,3,1,3,0,0,0,1,3,6,1,10,1,4,0,82,44
2156,2275,1,8,1,8,3,7,3,50,3,6,4,1,4,10,9,10.0,11.0,9,10.0,1,2,1,2,0,0,20,25,1,2,1,,,,2,3,1,3,0,0,0,1,3,10,1,13,2,3,1,23,59
2158,2277,1,24,1,12,3,7,4,42,2,24,1,2,1,9,10,10.0,9.0,11,11.0,2,1,2,0,2,0,3,32,1,2,1,,,,1,2,2,2,0,0,0,2,3,13,5,13,9,0,4,43,56
2159,2278,2,24,2,16,1,2,4,6,1,4,2,4,3,10,9,9.0,9.0,11,11.0,1,2,1,1,0,0,27,7,0,1,2,,,,2,3,1,3,0,0,0,1,3,13,9,18,9,5,0,42,26
2160,2279,1,24,4,16,1,2,3,24,4,24,1,1,2,10,10,9.0,9.0,11,10.0,2,1,0,1,0,0,25,4,2,1,1,,,,1,1,2,3,0,0,0,2,3,18,9,19,12,1,3,42,41
2162,2281,1,24,3,6,2,2,3,3,3,2,1,1,2,9,11,10.0,9.0,11,9.0,2,1,1,0,0,0,23,6,0,0,0,,,,1,1,0,0,0,0,0,1,2,19,14,21,14,2,0,32,10
2164,2283,1,24,2,8,1,3,3,40,4,6,2,4,3,9,10,10.0,9.0,11,11.0,2,1,2,0,0,0,6,27,0,0,0,,,,1,2,2,3,0,0,0,2,3,0,0,0,3,0,3,35,52
2167,2286,1,16,4,7,3,1,2,50,1,6,4,4,4,9,9,10.0,10.0,11,11.0,2,1,2,2,0,0,4,28,1,2,1,,,,1,3,2,3,1,3,0,2,4,4,10,4,15,0,5,24,61
2173,2293,2,24,1,24,3,2,2,50,2,16,4,1,1,9,9,10.0,11.0,10,10.0,1,2,1,2,0,0,5,4,1,2,1,,,,1,2,0,0,0,0,0,1,2,1,0,3,1,2,1,50,75
2186,2308,1,16,1,12,2,2,4,50,2,7,4,1,1,9,10,10.0,9.0,11,11.0,2,1,2,1,0,0,26,21,2,1,1,,,,1,3,2,3,0,0,0,2,3,0,3,1,6,1,3,30,63
2187,2309,2,24,3,4,3,3,4,52,3,16,1,8,3,9,9,11.0,10.0,10,11.0,2,1,2,0,0,0,36,2,0,0,0,1.0,,,2,2,0,0,0,0,0,2,2,1,6,4,8,3,2,31,64
2188,2310,1,16,4,12,2,1,4,42,3,8,1,6,3,9,9,10.0,10.0,11,11.0,2,1,2,0,0,0,4,7,0,0,0,,,,2,2,1,3,2,3,0,2,4,4,8,4,12,0,4,29,60
2191,2313,2,50,4,8,3,2,2,16,2,16,1,12,2,9,9,11.0,10.0,10,10.0,2,1,2,2,0,0,5,23,1,2,1,,,,2,2,0,0,0,0,0,2,2,6,17,6,20,0,3,60,36
2195,2317,2,12,2,8,2,8,1,24,3,8,1,4,3,11,10,9.0,11.0,9,9.0,1,2,1,2,0,1,21,23,2,1,2,,,,1,1,0,0,0,0,0,1,2,13,21,17,21,4,0,28,36
2205,2329,2,24,2,16,4,8,3,50,4,12,4,6,1,9,9,10.0,11.0,11,10.0,1,2,1,1,0,0,22,1,2,1,1,,,,1,2,0,0,0,0,0,1,2,5,3,8,3,3,0,48,72
2210,2334,1,8,4,6,2,6,2,24,1,12,1,3,1,9,10,9.0,9.0,11,11.0,2,1,2,0,0,2,0,29,1,2,1,,,,2,3,0,0,0,0,0,2,2,11,13,11,16,0,3,20,33
2215,2339,2,24,4,7,4,3,2,16,3,8,3,3,1,10,9,9.0,10.0,11,11.0,1,2,1,0,0,1,29,6,2,1,1,,,,2,3,0,0,0,0,0,1,2,15,22,18,22,3,0,34,26
2220,2345,1,16,3,16,3,3,4,52,1,6,1,2,1,9,10,10.0,9.0,10,11.0,2,1,2,0,0,1,28,26,0,1,3,,,,2,1,1,2,2,2,0,2,4,4,9,7,13,3,4,35,70
2221,2346,2,24,1,12,2,2,4,24,3,6,3,3,2,10,10,9.0,9.0,11,11.0,1,2,0,0,0,0,5,6,0,0,0,,,,2,3,1,3,0,0,0,1,3,7,13,10,13,3,0,38,39
2226,2351,1,24,4,7,3,3,2,24,3,16,2,16,1,9,9,11.0,9.0,10,11.0,2,1,2,1,0,0,26,25,0,1,2,,,,2,1,1,3,2,3,0,2,4,12,20,14,24,2,4,34,47
2229,2355,2,16,3,16,1,8,3,40,1,7,2,2,2,9,9,10.0,11.0,10,10.0,1,2,1,2,0,0,22,32,0,2,2,,,,1,2,0,0,0,0,0,1,2,5,1,7,3,2,2,40,58
2246,2373,1,16,1,7,4,2,2,16,1,6,4,6,1,9,9,10.0,9.0,11,11.0,2,1,0,1,0,0,22,2,2,1,1,,,,1,3,2,3,0,0,0,2,3,7,7,8,10,1,3,25,29
2248,2375,1,42,1,24,1,2,1,8,1,7,3,1,2,9,10,10.0,11.0,11,9.0,2,1,1,0,0,0,35,4,0,0,0,1.0,,,1,2,0,0,0,0,0,1,2,14,10,19,10,5,0,68,33
2250,2377,1,40,2,8,1,1,1,12,4,7,2,1,2,9,10,11.0,11.0,10,9.0,2,1,1,2,0,0,7,25,1,2,1,,,,2,2,0,0,0,0,0,1,2,21,11,23,12,2,1,49,21
2254,2382,2,16,3,7,1,3,1,24,3,7,3,1,2,9,9,10.0,11.0,11,10.0,1,2,1,0,0,0,22,4,0,0,0,,,,1,2,0,0,0,0,0,1,2,0,4,2,4,2,0,26,32
2255,2383,1,24,3,12,1,7,4,42,3,16,1,6,3,9,10,10.0,9.0,11,11.0,2,1,2,1,0,0,24,7,2,1,1,,,,2,2,1,3,2,3,0,2,4,2,4,3,8,1,4,43,60
2257,2385,2,42,1,7,3,4,2,40,4,24,2,12,3,9,9,11.0,10.0,10,11.0,2,1,2,2,0,0,7,30,1,2,1,,,,2,2,0,0,0,0,0,2,2,7,8,7,11,0,3,53,59
2263,2391,2,52,1,6,1,1,1,24,1,8,2,1,3,9,10,11.0,11.0,10,9.0,2,1,1,0,0,0,25,4,0,0,0,1.0,,,2,2,0,0,0,0,0,1,2,10,17,15,17,5,0,59,31
2281,2411,2,8,1,6,4,3,2,16,2,7,2,2,2,9,11,11.0,10.0,10,9.0,2,1,1,0,0,0,6,27,0,0,0,2.0,,,2,3,0,0,0,0,0,1,2,5,1,7,4,2,3,17,24
2288,2418,2,8,4,6,4,4,3,52,1,12,1,7,4,9,10,11.0,9.0,10,11.0,2,1,2,1,0,0,27,1,2,1,1,,,,1,3,2,3,0,0,0,2,3,12,17,13,20,1,3,18,65
2301,2432,1,40,2,16,3,8,2,24,3,6,1,6,1,9,9,10.0,11.0,11,9.0,1,2,1,0,0,0,22,23,0,0,0,,,,2,3,1,3,0,0,0,1,3,10,8,13,8,3,0,64,46
2313,2445,1,24,4,8,3,1,2,24,1,7,2,1,1,9,10,10.0,9.0,11,11.0,2,1,0,0,0,0,4,23,0,0,0,,,,2,3,0,0,0,0,0,2,2,4,6,4,8,0,2,33,33
2317,2449,1,12,2,7,2,2,2,24,1,3,2,1,1,9,10,10.0,9.0,11,11.0,2,1,2,2,0,0,26,29,0,2,2,,,,2,3,0,0,0,0,0,2,2,16,12,16,16,0,4,21,32
2320,2452,2,16,2,7,3,4,2,24,2,24,3,7,3,9,10,11.0,9.0,10,10.0,2,1,2,0,0,0,22,23,0,0,0,,,,0,0,0,0,0,0,0,2,1,18,18,18,19,0,1,27,38
2323,2455,1,52,1,16,3,8,2,24,1,24,1,7,1,9,9,10.0,10.0,11,10.0,1,2,1,0,0,0,23,23,0,0,0,,,,1,2,0,0,0,0,0,1,2,20,20,22,20,2,0,76,47
2327,2459,1,24,4,2,2,1,3,8,3,7,3,2,2,9,9,11.0,11.0,10,10.0,2,1,2,1,0,0,5,20,2,1,1,,,,0,0,0,0,0,0,0,2,1,5,8,6,9,1,1,27,12
2328,2460,2,40,2,7,2,6,1,12,3,6,3,1,3,9,11,10.0,10.0,11,9.0,2,1,1,1,0,0,27,25,0,1,2,,,,1,2,2,2,0,0,0,1,3,6,9,11,9,5,0,53,20
2329,2461,1,40,2,7,3,4,3,6,1,3,4,2,4,9,11,10.0,10.0,11,9.0,2,1,1,0,0,0,7,25,0,0,0,,,,1,2,2,2,0,0,0,1,3,11,9,14,9,3,0,51,15
2334,2466,2,16,1,7,3,4,2,16,3,2,3,1,4,9,11,10.0,10.0,11,9.0,2,1,1,1,0,0,27,5,2,1,1,,,,0,0,0,0,0,0,0,1,1,17,15,19,15,2,0,27,24
2335,2467,1,24,4,16,4,1,4,16,2,2,1,1,3,9,10,11.0,11.0,10,9.0,2,1,1,0,0,0,27,5,0,0,0,,,,0,0,0,0,0,0,0,1,1,19,15,20,15,1,0,41,33
2336,2468,2,8,1,7,1,2,1,52,2,3,1,1,2,9,11,10.0,10.0,11,9.0,2,1,1,2,0,0,25,27,0,2,2,,,,0,0,0,0,0,0,0,1,1,20,15,21,17,1,2,17,60
2338,2470,2,16,4,12,4,2,1,52,3,8,1,1,2,9,9,10.0,11.0,11,10.0,1,2,1,0,0,0,27,21,0,0,0,,,,1,3,0,0,0,0,0,1,2,22,18,24,18,2,0,30,65
2340,2473,1,42,1,16,4,8,1,50,3,24,4,24,4,9,9,11.0,9.0,10,11.0,2,1,2,0,0,0,7,24,0,0,0,,,,2,1,0,0,0,0,0,2,2,1,1,1,3,0,2,66,90
2346,2479,1,24,3,8,3,3,2,24,3,16,1,3,2,9,10,10.0,9.0,11,11.0,2,1,0,0,0,0,29,28,0,0,0,1.0,,,2,3,0,0,0,0,0,2,2,8,11,11,13,3,2,35,35
2351,2484,2,7,4,2,1,2,4,8,4,3,2,1,2,9,11,11.0,10.0,9,9.0,2,1,2,0,0,0,25,24,0,0,0,,,,2,3,0,0,0,0,1,2,1,12,18,12,19,0,1,11,11
2352,2485,1,42,1,8,1,1,2,8,4,3,1,1,3,9,10,11.0,11.0,10,9.0,2,1,1,1,0,0,31,6,2,1,1,,,,0,0,0,0,0,0,0,1,1,12,19,14,19,2,0,51,17
2355,2488,2,40,2,4,3,2,1,42,4,7,1,1,3,9,9,10.0,10.0,11,11.0,1,2,2,1,0,0,7,27,0,2,2,,,,1,1,0,0,0,0,0,2,2,14,21,14,24,0,3,46,47
2356,2490,1,24,3,6,3,4,1,50,3,6,4,1,4,9,10,10.0,9.0,11,9.0,2,1,2,0,0,0,30,25,0,0,0,1.0,,,1,2,2,3,0,0,1,2,2,0,1,3,3,3,2,34,57
2363,2497,2,40,2,12,2,6,4,24,3,24,2,3,2,9,10,10.0,9.0,11,10.0,2,1,1,2,0,0,27,29,0,2,2,,,,1,3,0,0,0,0,0,1,2,7,9,9,11,2,2,58,39
2365,2499,1,24,3,24,3,2,1,50,2,16,4,7,3,10,9,9.0,10.0,10,11.0,1,2,2,1,0,0,28,2,2,1,1,,,,2,2,0,0,0,0,0,2,2,11,11,12,13,1,2,50,81
2367,2501,1,24,1,7,3,2,4,42,3,6,1,6,3,11,9,10.0,11.0,9,9.0,1,2,2,0,0,0,25,7,0,0,0,,,,1,3,0,0,0,0,0,2,2,13,14,13,16,0,2,33,55
2371,2506,2,16,2,8,1,6,2,24,3,12,2,8,1,9,11,11.0,10.0,10,9.0,2,1,0,0,0,0,2,24,0,0,0,,,,2,3,0,0,0,0,0,2,2,0,1,0,3,0,2,30,40
2384,2519,2,40,2,24,4,2,2,16,1,8,3,1,1,10,11,9.0,10.0,11,9.0,1,2,1,1,0,0,7,4,2,1,1,,,,0,0,0,0,0,0,0,1,1,19,21,21,21,2,0,66,41
2385,2520,1,6,1,3,4,1,2,24,2,1,4,1,3,11,11,10.0,9.0,9,9.0,2,1,0,0,2,0,6,4,1,2,1,,,,0,0,0,0,0,0,0,2,1,21,21,21,23,0,2,10,28
2386,2521,2,12,2,8,2,6,1,8,4,7,1,1,4,11,11,9.0,10.0,10,9.0,1,2,1,0,0,0,21,20,0,0,0,,,,0,0,0,0,0,0,0,1,1,21,23,22,23,1,0,26,17
2389,2524,1,24,4,8,2,3,3,7,4,3,4,2,4,11,9,9.0,11.0,10,10.0,1,2,1,2,0,0,23,25,0,1,2,,,,2,2,1,3,0,0,0,1,3,6,0,11,0,5,0,35,17
2390,2525,2,24,2,16,2,6,2,16,4,12,2,2,2,11,11,9.0,10.0,10,9.0,1,2,1,0,0,0,23,28,0,0,0,2.0,,,2,2,1,3,0,0,0,1,3,0,0,3,3,3,3,46,34
2392,2527,1,16,4,8,3,4,2,8,1,6,2,1,2,9,10,10.0,9.0,11,9.0,2,1,1,1,0,0,7,24,0,0,0,2.0,,,1,2,0,0,0,0,0,1,2,10,6,12,9,2,3,28,17
2393,2528,2,16,4,8,1,7,2,42,4,16,1,8,3,9,10,11.0,9.0,10,11.0,2,1,2,0,0,0,22,7,0,0,0,,,,1,3,2,3,0,0,0,2,3,12,9,12,12,0,3,31,58
2394,2529,1,50,4,4,1,1,3,16,3,6,2,1,3,9,10,10.0,9.0,11,9.0,2,1,1,0,0,0,7,24,0,0,0,,,,1,2,0,0,0,0,0,1,2,12,12,14,12,2,0,55,21
2396,2531,1,52,1,4,4,2,4,50,3,16,4,3,2,9,9,11.0,10.0,10,11.0,2,1,2,0,0,0,7,23,0,0,0,,,,2,1,0,0,0,0,0,2,2,16,13,16,15,0,2,58,57
2401,2537,2,24,1,6,3,1,3,16,4,3,4,2,2,11,11,9.0,9.0,10,10.0,1,2,1,0,0,0,4,6,0,0,0,,,,2,3,1,3,0,0,0,1,3,5,2,8,2,3,0,31,24
2402,2538,1,24,1,12,4,6,2,50,3,24,4,6,3,9,10,10.0,9.0,11,11.0,2,1,2,1,0,0,3,3,2,1,1,,,,2,2,0,0,0,0,0,2,2,8,2,9,4,1,2,42,68
2404,2540,1,24,3,6,2,2,3,24,2,7,1,1,2,9,10,10.0,9.0,11,11.0,2,1,0,1,0,0,25,4,2,1,1,,,,1,3,0,0,0,0,0,2,2,9,5,10,7,1,2,32,31
2406,2542,1,42,1,3,1,2,2,12,4,7,2,1,4,9,10,10.0,9.0,11,9.0,2,1,1,0,0,0,32,21,0,0,0,,,,1,3,0,0,0,0,0,1,2,11,8,13,8,2,0,47,16
2408,2544,1,16,1,7,1,1,3,16,2,12,2,8,2,9,9,11.0,10.0,10,11.0,2,1,2,1,0,0,26,22,0,1,2,,,,1,3,2,3,0,0,0,2,3,16,8,18,11,2,3,24,31
2409,2545,2,24,2,12,3,7,2,50,2,16,4,8,1,11,10,10.0,11.0,9,9.0,1,2,2,1,0,0,24,2,2,1,1,,,,1,3,0,0,0,0,0,2,2,18,11,19,13,1,2,43,70
2410,2546,1,40,2,7,2,1,2,42,3,8,1,1,4,9,10,10.0,9.0,11,11.0,2,1,2,0,0,0,31,7,0,0,0,,,,2,1,1,3,2,3,0,2,4,19,13,19,17,0,4,48,50
2411,2547,2,50,4,24,3,4,3,16,4,7,2,6,3,10,11,9.0,9.0,11,10.0,1,2,1,1,0,0,24,20,2,1,1,,,,1,3,0,0,0,0,0,1,2,19,17,22,17,3,0,78,46
2412,2548,1,50,4,24,2,6,3,40,2,12,2,1,1,9,10,10.0,9.0,11,9.0,2,1,1,1,0,0,23,7,2,1,1,,,,1,3,0,0,0,0,0,1,2,22,17,24,17,2,0,80,65
2414,2551,2,42,1,8,4,1,1,40,4,6,2,4,4,10,10,9.0,9.0,11,11.0,1,2,1,1,0,0,24,7,0,1,2,,,,2,2,1,3,0,0,0,1,3,3,3,8,3,5,0,51,52
2416,2553,2,42,1,12,1,1,3,50,3,6,4,3,1,10,10,9.0,9.0,11,11.0,1,2,2,1,0,0,31,6,2,1,1,,,,2,2,1,3,0,0,0,2,3,9,3,10,6,1,3,55,65
2419,2556,1,24,2,6,4,3,2,12,1,7,3,4,4,9,9,11.0,10.0,10,11.0,2,1,2,2,0,0,6,7,1,2,1,,,,2,3,0,0,0,0,0,2,2,11,10,11,13,0,3,33,22
2421,2558,1,40,2,16,4,7,1,50,2,24,4,6,4,9,10,10.0,9.0,11,11.0,2,1,2,1,0,0,29,21,2,1,1,,,,2,1,1,2,2,2,0,2,4,11,17,12,21,1,4,63,72
2424,2562,2,8,4,6,4,3,4,12,1,4,2,2,2,9,9,10.0,11.0,11,10.0,1,2,1,2,0,0,26,26,0,2,2,,,,1,3,0,0,0,0,0,1,2,2,1,4,3,2,2,17,20
2428,2566,2,24,3,8,3,4,3,16,1,7,1,6,3,10,10,9.0,9.0,11,11.0,1,2,1,1,0,0,30,20,2,1,1,,,,1,3,0,0,0,0,0,1,2,7,6,10,6,3,0,36,30
2434,2572,1,50,4,6,3,1,3,42,2,8,1,1,4,9,10,11.0,11.0,10,9.0,2,1,1,0,0,0,4,7,0,0,0,,,,2,2,1,2,2,3,0,1,4,0,0,4,0,4,0,57,49
2436,2574,1,42,1,7,2,1,4,40,4,6,2,2,3,9,9,10.0,10.0,11,11.0,2,1,1,0,0,0,7,7,0,0,0,,,,1,3,0,0,0,0,0,1,2,5,2,7,2,2,0,50,49
2442,2580,1,24,1,24,2,7,3,42,3,6,1,3,4,9,9,10.0,11.0,10,10.0,1,2,1,0,0,0,3,7,0,0,0,,,,1,2,2,3,1,3,0,1,4,19,3,23,3,4,0,55,69
2445,2584,2,24,2,6,1,6,4,50,2,7,4,6,4,9,10,11.0,9.0,9,11.0,2,1,2,0,0,0,23,21,0,0,0,2.0,,,2,2,1,3,2,3,0,2,4,3,8,3,15,0,7,36,62
2446,2585,1,16,2,3,3,2,2,6,2,6,4,2,1,10,10,11.0,9.0,9,10.0,2,1,2,0,1,0,28,5,2,1,1,,,,1,2,2,3,0,0,0,2,3,3,15,4,18,1,3,21,11
2455,2595,1,24,2,6,3,2,2,40,4,12,2,12,3,9,9,11.0,9.0,10,11.0,2,1,2,2,0,0,5,28,1,2,1,,,,2,2,1,3,2,3,0,2,4,6,4,6,9,0,5,32,58
2458,2598,2,16,1,3,4,1,1,42,2,24,1,2,4,9,10,10.0,9.0,11,11.0,2,1,2,2,0,0,6,30,1,2,1,,,,1,3,2,3,0,0,0,2,3,7,13,7,17,0,4,20,47
2466,2607,1,7,1,6,2,1,4,8,3,6,4,2,1,9,9,11.0,10.0,10,11.0,2,1,2,0,0,0,4,20,0,0,0,,,,1,3,2,3,0,0,0,2,3,1,1,1,4,0,3,14,16
2467,2608,2,7,1,7,1,6,2,12,2,6,2,1,4,9,11,10.0,10.0,10,9.0,2,1,1,1,0,0,20,21,0,2,2,,,,2,2,1,3,2,3,0,1,4,1,4,5,6,4,2,20,20
2468,2609,1,24,3,12,2,6,1,50,2,7,4,1,2,9,10,10.0,9.0,11,11.0,2,1,2,1,0,0,21,4,2,1,1,,,,2,2,1,2,2,3,0,2,4,5,6,6,10,1,4,42,63
2469,2610,2,8,1,6,3,4,2,8,1,6,2,1,4,9,11,11.0,10.0,10,9.0,2,1,1,1,0,0,20,20,2,1,1,,,,2,3,0,0,0,0,0,1,2,6,10,9,10,3,0,18,15
2470,2611,1,24,1,7,4,1,3,16,2,16,1,4,4,9,9,11.0,10.0,10,10.0,2,1,2,2,0,0,4,7,1,2,1,,,,1,3,2,3,0,0,0,2,3,9,10,9,14,0,4,32,27
2479,2621,1,50,4,24,4,16,4,52,4,7,1,1,2,9,9,10.0,11.0,11,10.0,1,2,1,0,0,0,26,4,0,0,0,1.0,,,1,1,0,0,0,0,0,1,2,8,3,13,3,5,0,90,77
2481,2623,1,50,4,24,3,7,4,52,4,6,1,2,1,9,9,10.0,11.0,11,10.0,1,2,1,1,0,0,24,26,0,2,2,,,,1,2,0,0,0,0,0,1,2,15,3,17,5,2,2,81,78
2483,2625,1,50,4,16,3,6,1,16,2,7,3,1,1,9,10,10.0,9.0,11,9.0,2,1,1,2,0,0,2,24,1,2,1,,,,1,3,0,0,0,0,0,1,2,19,5,21,6,2,1,72,33
2488,2631,1,24,2,4,4,1,4,24,3,3,1,2,3,9,9,10.0,10.0,11,11.0,2,1,0,2,1,0,7,6,2,1,2,,,,1,3,2,3,1,3,0,2,4,7,15,9,19,2,4,29,30
2493,2637,1,50,4,6,2,2,1,16,4,8,3,6,2,9,9,11.0,10.0,10,11.0,2,1,2,1,0,0,21,2,2,1,1,,,,1,2,2,3,0,0,0,2,3,3,2,4,5,1,3,58,28
2494,2638,2,16,1,16,4,3,4,12,2,7,2,6,4,10,9,9.0,10.0,10,11.0,1,2,1,0,0,0,6,20,0,0,0,,,,2,2,1,3,0,0,0,1,3,4,5,7,5,3,0,35,34
2495,2639,1,24,4,8,2,6,2,24,3,12,2,7,4,9,9,11.0,10.0,10,11.0,2,1,2,2,0,0,3,24,1,2,1,,,,2,3,0,0,0,0,0,2,2,7,5,7,8,0,3,38,39
2498,2642,2,16,3,7,3,7,4,42,4,16,1,7,1,9,10,11.0,9.0,9,11.0,2,1,2,2,0,0,22,27,0,2,2,,,,2,2,1,3,2,3,0,2,4,9,13,9,19,0,6,30,56
2504,2649,1,16,3,16,3,6,2,52,4,8,1,6,4,9,10,10.0,9.0,10,11.0,2,1,2,1,0,0,22,1,2,1,1,,,,2,1,1,3,2,3,0,2,4,2,3,3,7,1,4,38,74
2506,2651,1,24,4,6,1,1,4,7,4,2,1,1,2,9,10,10.0,9.0,11,9.0,2,1,1,1,0,0,23,5,2,1,1,,,,1,3,0,0,0,0,0,1,2,5,7,8,7,3,0,31,14
2509,2654,1,52,1,16,1,1,2,12,4,8,3,1,3,9,10,10.0,9.0,11,9.0,2,1,1,1,0,0,25,25,0,1,2,,,,1,2,0,0,0,0,0,1,2,9,17,13,17,4,0,69,29
2515,2661,1,16,3,7,2,1,2,24,4,6,3,3,4,9,9,10.0,10.0,11,11.0,2,1,2,2,0,0,4,6,1,2,1,,,,1,3,2,3,0,0,0,2,3,4,0,4,4,0,4,24,34
2516,2662,2,7,1,6,3,4,2,8,1,3,3,1,4,9,11,10.0,10.0,11,9.0,2,1,1,1,0,0,20,6,0,1,2,,,,2,3,0,0,0,0,0,1,2,4,4,8,4,4,0,17,15
2518,2664,2,50,4,16,3,2,1,40,4,1,2,1,4,9,9,10.0,11.0,11,9.0,1,2,1,0,0,0,23,7,0,0,0,,,,1,2,0,0,0,0,0,1,2,0,0,2,0,2,0,68,57
2520,2666,2,12,2,8,2,6,3,52,4,6,1,1,4,9,9,10.0,11.0,11,10.0,1,2,1,0,0,0,21,4,0,0,0,,,,2,2,1,3,0,0,0,1,3,4,1,7,1,3,0,26,61
2521,2667,1,24,4,12,1,6,2,16,2,1,3,1,3,9,11,10.0,9.0,11,9.0,2,1,1,2,0,0,3,26,1,2,1,,,,2,2,1,2,2,2,0,1,4,7,1,11,2,4,1,42,29
2522,2668,2,16,1,7,1,3,4,50,3,7,4,2,4,9,9,10.0,11.0,11,10.0,1,2,1,0,0,0,28,26,0,0,0,2.0,,,2,3,1,3,0,0,0,1,3,11,2,14,5,3,3,26,59
2523,2669,1,7,1,7,3,4,4,42,4,16,1,1,4,10,10,9.0,9.0,10,11.0,2,1,2,2,0,0,7,26,0,2,2,,,,1,2,2,3,0,0,0,2,3,14,5,14,10,0,5,18,50
2531,2678,1,52,1,12,2,2,4,40,3,8,2,7,4,10,9,9.0,10.0,11,11.0,1,2,1,2,0,0,5,20,1,2,1,,,,1,2,2,3,1,3,0,1,4,7,9,11,10,4,1,66,59
2532,2679,2,24,1,16,4,2,4,24,3,7,3,2,3,10,9,9.0,10.0,11,11.0,1,2,0,2,0,0,5,28,1,2,1,,,,2,3,1,3,0,0,0,1,3,11,10,14,11,3,1,42,42
2536,2683,2,24,4,16,2,7,3,42,4,6,1,2,2,9,9,10.0,11.0,11,10.0,1,2,1,1,0,0,25,7,2,1,1,,,,2,3,1,3,0,0,0,1,3,21,12,24,12,3,0,47,60
2538,2686,2,40,2,16,1,3,1,7,3,7,2,3,4,10,9,9.0,10.0,11,10.0,1,2,1,0,0,0,7,6,0,0,0,,,,2,2,1,3,0,0,0,1,3,5,3,8,3,3,0,59,26
2542,2690,2,12,3,7,4,1,1,16,3,7,1,6,1,10,9,9.0,10.0,11,11.0,1,2,2,0,0,0,21,22,0,0,0,2.0,,,2,3,0,0,0,0,0,2,2,14,7,14,12,0,5,20,29
2543,2691,1,16,3,8,3,7,4,8,1,6,3,4,4,11,9,9.0,11.0,10,10.0,1,2,1,1,0,0,22,27,0,2,2,,,,2,3,1,3,2,3,0,1,4,14,12,18,14,4,2,31,20
2545,2694,2,24,4,16,4,1,3,16,1,8,3,1,3,10,9,9.0,10.0,11,11.0,1,2,1,0,0,0,27,26,0,0,0,2.0,,,2,3,1,3,2,3,0,1,4,5,4,9,7,4,3,41,33
2548,2697,1,52,1,8,4,1,2,50,1,8,4,6,3,9,9,11.0,10.0,10,11.0,2,1,2,0,0,0,21,1,0,0,0,,,,2,3,0,0,0,0,0,2,2,11,11,11,13,0,2,61,64
2550,2699,1,16,4,8,1,6,2,52,3,40,1,3,2,11,10,9.0,9.0,10,11.0,2,1,2,0,2,0,2,33,1,2,1,,,,2,3,0,0,0,0,0,2,2,11,16,11,19,0,3,30,63
2553,2702,2,42,1,12,3,7,3,40,3,3,2,2,4,9,9,10.0,11.0,11,10.0,1,2,1,0,0,0,21,7,0,0,0,,,,2,2,1,2,2,2,0,1,4,13,23,17,23,4,0,61,54
2554,2704,1,50,4,8,2,7,4,8,1,7,2,2,2,10,9,9.0,11.0,11,10.0,1,2,1,2,0,0,1,25,1,2,1,,,,1,3,0,0,0,0,0,1,2,0,1,2,2,2,1,65,18
2555,2705,2,16,3,6,3,4,4,8,4,7,1,2,2,9,9,10.0,10.0,11,11.0,1,2,1,0,0,0,29,5,0,0,0,,,,2,3,1,3,0,0,0,1,3,2,2,5,2,3,0,26,16
2558,2708,1,52,1,24,3,2,3,42,2,24,1,8,3,10,11,11.0,9.0,9,10.0,2,1,2,2,0,0,5,23,1,2,1,,,,2,2,0,0,0,0,0,2,2,5,7,5,10,0,3,78,74
2564,2714,1,42,1,8,3,3,4,40,4,7,2,1,2,9,10,10.0,9.0,11,11.0,2,1,1,0,0,2,7,31,1,2,1,,,,1,3,2,3,1,3,0,1,4,3,7,7,8,4,1,53,49
2567,2719,2,40,2,24,4,3,1,24,1,16,4,6,2,11,11,9.0,9.0,10,10.0,1,2,1,0,0,0,7,3,0,0,0,,,,2,1,1,3,0,0,0,1,3,6,2,9,2,3,0,67,54
2568,2720,2,24,1,7,2,1,3,12,2,7,3,2,4,10,9,9.0,10.0,11,11.0,1,2,1,1,0,0,24,21,2,1,1,,,,2,3,1,3,0,0,0,1,3,9,4,13,4,4,0,32,21
2578,2730,1,24,1,12,4,3,1,50,2,7,4,7,3,9,9,10.0,9.0,11,11.0,2,1,2,0,0,0,6,1,0,0,0,,,,2,2,1,3,2,3,0,2,4,2,12,2,16,0,4,39,69
2585,2739,2,42,1,7,2,2,3,24,4,16,2,3,4,10,9,9.0,10.0,11,11.0,1,2,1,0,0,0,7,6,0,0,0,,,,2,3,1,3,2,3,0,1,4,2,12,6,12,4,0,51,34
2586,2740,1,24,3,7,3,6,4,50,1,24,4,3,1,9,10,10.0,9.0,11,11.0,2,1,2,1,0,0,23,24,0,2,2,,,,1,3,2,3,0,0,0,2,3,6,12,6,17,0,5,37,60
2593,2747,2,40,2,3,2,2,2,16,3,3,3,2,4,10,9,9.0,10.0,11,11.0,1,2,1,1,0,0,32,6,2,1,1,,,,2,3,1,3,0,0,0,1,3,9,2,13,2,4,0,45,21
2594,2748,1,40,2,16,1,6,1,8,4,7,1,2,3,10,9,9.0,10.0,11,11.0,1,2,1,2,0,0,7,20,1,2,1,,,,2,3,1,3,2,3,0,1,4,13,2,17,3,4,1,62,26
2597,2751,2,24,3,8,2,1,3,16,3,7,4,2,4,10,9,9.0,10.0,11,11.0,1,2,1,2,0,0,23,27,1,2,1,,,,2,3,1,3,0,0,0,1,3,18,7,21,8,3,1,33,26
2598,2752,1,24,1,16,4,4,4,16,2,6,3,1,4,10,9,9.0,10.0,11,11.0,1,2,1,2,0,0,7,24,1,2,1,,,,2,2,1,3,0,0,0,1,3,21,8,24,9,3,1,44,33
2602,2758,1,50,4,8,1,3,3,16,4,8,1,6,1,10,11,11.0,10.0,9,9.0,2,1,2,0,0,0,21,22,0,0,0,,,,1,2,0,0,0,0,0,2,2,2,6,2,8,0,2,61,30
2607,2763,2,24,3,12,2,6,3,16,3,8,2,4,3,9,9,10.0,11.0,11,10.0,1,2,1,2,0,0,24,27,0,2,2,,,,2,3,1,3,0,0,0,1,3,5,16,8,18,3,2,42,32
2609,2766,2,16,4,8,2,2,3,24,3,12,1,2,4,9,11,11.0,10.0,10,9.0,2,1,1,1,0,0,5,5,2,1,1,,,,2,3,0,0,0,0,0,1,2,3,1,6,1,3,0,26,34
2611,2768,2,24,4,16,3,8,2,50,2,6,4,1,3,9,9,10.0,11.0,11,10.0,1,2,1,0,0,0,3,4,0,0,0,,,,1,3,0,0,0,0,0,1,2,6,2,8,2,2,0,48,67
2619,2777,1,52,1,40,3,8,1,16,2,16,2,1,1,9,10,10.0,10.0,11,9.0,2,1,1,2,0,0,7,26,1,2,1,,,,2,1,1,1,0,0,0,1,3,1,8,4,9,3,1,100,57
2630,2789,1,42,1,8,4,2,3,24,1,8,1,3,3,10,11,11.0,10.0,9,9.0,2,1,2,1,0,2,27,26,1,2,2,,,,2,1,0,0,0,0,0,2,2,13,8,13,12,0,4,52,35
2637,2796,2,40,2,7,3,6,3,52,1,16,1,1,4,9,9,10.0,10.0,11,11.0,1,2,2,0,0,2,7,4,1,2,1,,,,2,2,0,0,0,0,0,2,2,22,17,22,20,0,3,53,60
2639,2799,1,16,3,3,4,2,1,8,2,7,4,4,4,11,9,9.0,10.0,10,11.0,1,2,2,0,0,2,6,27,1,2,1,,,,1,3,0,0,0,0,0,2,2,3,1,3,4,0,3,21,15
2643,2803,1,24,4,16,4,2,4,6,4,4,1,4,3,10,9,9.0,9.0,11,11.0,1,2,1,0,0,0,30,7,0,0,0,1.0,,,2,3,1,3,0,0,0,1,3,5,9,11,9,6,0,42,26
2647,2807,1,40,2,24,1,3,3,16,2,16,1,2,1,10,9,9.0,10.0,11,10.0,1,2,1,1,0,2,30,27,0,1,5,,,,2,2,1,3,0,0,0,1,3,15,15,23,15,8,0,67,42
2649,2809,1,24,1,16,4,3,4,16,2,6,3,1,3,10,9,9.0,10.0,11,11.0,1,2,1,0,0,2,6,26,1,2,1,,,,2,3,1,3,2,3,0,1,4,23,17,24,18,1,1,43,33
2650,2811,2,50,4,24,2,6,4,24,1,16,4,16,1,11,11,9.0,9.0,10,9.0,1,2,1,2,0,0,3,25,1,2,1,,,,1,3,0,0,0,0,0,1,2,0,2,2,3,2,1,80,64
2651,2812,1,52,1,7,1,2,3,24,1,7,1,7,4,10,11,11.0,9.0,9,9.0,2,1,2,0,0,0,26,3,0,0,0,1.0,,,0,0,0,0,0,0,0,2,1,2,3,5,4,3,1,61,38
2659,2820,1,24,3,8,1,7,2,16,4,3,2,1,1,11,9,10.0,11.0,9,10.0,1,2,1,2,0,1,3,28,2,1,2,,,,0,0,0,0,0,0,0,1,1,0,0,3,0,3,0,39,25
2660,2821,2,24,2,16,1,7,2,52,4,8,1,7,4,10,9,11.0,11.0,9,10.0,1,2,2,0,0,0,3,1,0,0,0,,,,1,1,0,0,0,0,0,2,2,3,0,3,2,0,2,47,75
2663,2824,1,40,2,3,1,2,4,24,1,8,2,1,1,10,10,9.0,9.0,11,11.0,2,1,1,1,0,0,31,4,2,1,1,,,,1,3,0,0,0,0,0,1,2,8,3,11,3,3,0,45,28
2666,2827,2,6,4,2,1,1,2,3,2,3,4,1,3,11,10,9.0,10.0,10,9.0,1,2,1,0,0,0,5,6,0,0,0,,,,0,0,0,0,0,0,0,1,1,13,6,14,6,1,0,9,6
2671,2832,1,16,3,12,1,6,3,40,3,24,2,2,1,11,10,9.0,9.0,10,11.0,2,1,2,0,0,0,23,7,0,0,0,,,,2,3,0,0,0,0,0,2,2,18,10,18,12,0,2,34,54
2677,2839,1,50,4,24,1,3,3,24,3,12,1,6,1,10,9,9.0,10.0,11,11.0,1,2,1,2,0,0,6,23,1,2,1,,,,2,3,1,3,0,0,0,1,3,1,2,4,3,3,1,77,54
2680,2842,2,50,4,3,2,3,3,7,3,6,2,2,4,9,9,9.0,10.0,11,11.0,1,2,1,1,0,0,6,5,2,1,1,,,,2,3,1,3,0,0,0,1,3,5,8,9,8,4,0,56,12
2681,2843,1,24,2,24,2,12,1,16,1,16,2,6,2,10,9,9.0,10.0,10,10.0,1,2,1,2,0,0,24,22,0,1,2,,,,2,2,1,3,0,0,0,1,3,9,8,14,8,5,0,60,46
2689,2852,1,42,1,8,4,3,2,24,1,16,4,1,4,10,10,9.0,9.0,11,9.0,2,1,1,1,0,0,27,27,0,1,2,,,,1,2,0,0,0,0,0,1,2,18,10,22,10,4,0,53,33
2690,2853,2,24,4,12,3,3,2,7,2,7,1,7,4,10,9,9.0,9.0,11,9.0,1,2,1,0,0,2,6,0,1,2,1,,,,1,3,0,0,0,0,0,1,2,22,10,24,11,2,1,39,26
2691,2854,1,52,1,16,1,6,4,24,1,8,4,3,3,9,10,10.0,9.0,11,11.0,2,1,1,0,0,0,23,23,0,0,0,1.0,,,2,2,1,3,0,0,0,1,3,0,0,6,0,6,0,74,43
2695,2858,1,16,2,7,1,7,2,50,4,12,4,2,4,9,10,9.0,9.0,11,11.0,2,1,2,0,0,0,2,26,0,0,0,,,,2,2,1,3,0,0,0,2,3,9,5,9,8,0,3,30,59
2704,2867,1,24,3,6,4,6,4,24,1,16,4,3,1,9,10,9.0,9.0,11,11.0,2,1,0,0,0,0,3,25,0,0,0,,,,1,3,2,3,1,3,0,2,4,22,21,22,24,0,3,36,33
2707,2871,2,52,1,6,4,3,4,8,1,8,3,7,2,9,10,11.0,10.0,10,9.0,2,1,2,1,0,0,21,0,2,1,1,,,,1,3,2,3,0,0,0,2,3,4,1,5,4,1,3,61,21
2708,2872,1,40,2,12,3,1,3,42,2,7,1,4,3,9,9,10.0,10.0,11,11.0,2,1,2,0,0,1,28,27,0,1,3,,,,1,3,0,0,0,0,0,2,2,5,4,8,6,3,2,53,58
2710,2874,1,42,1,16,3,3,1,24,3,6,3,2,2,9,10,10.0,9.0,11,11.0,2,1,1,1,0,0,28,5,2,1,1,,,,1,3,0,0,0,0,0,1,2,10,7,13,7,3,0,61,42
2711,2875,2,40,2,12,2,3,1,50,3,16,4,2,4,9,10,10.0,9.0,11,11.0,2,1,2,2,0,1,33,26,2,1,2,,,,1,3,2,3,0,0,0,2,3,13,7,15,10,2,3,55,64
2716,2881,1,24,4,6,3,4,4,50,2,16,4,16,2,9,9,11.0,9.0,10,11.0,2,1,2,2,0,0,7,23,1,2,1,,,,1,3,2,3,0,0,0,2,3,1,6,1,10,0,4,34,72
2717,2882,2,50,4,6,4,1,3,8,3,8,1,7,3,9,10,11.0,10.0,10,9.0,2,1,2,1,0,0,25,20,2,1,1,,,,1,3,2,3,0,0,0,2,3,1,10,2,13,1,3,57,21
2719,2884,2,42,1,24,1,2,2,24,4,12,1,7,3,10,9,9.0,10.0,11,11.0,1,2,1,0,1,0,32,3,2,1,1,,,,2,2,1,2,0,0,0,1,3,5,13,9,13,4,0,68,55
2720,2885,1,6,2,4,3,4,1,24,4,16,2,2,1,9,10,9.0,9.0,11,11.0,2,1,2,2,0,0,7,27,0,2,2,,,,1,3,2,3,0,0,0,2,3,9,13,9,18,0,5,14,30
2721,2886,2,24,1,24,2,1,4,24,3,16,4,2,1,10,10,9.0,9.0,10,11.0,1,2,0,2,0,0,4,25,1,2,1,,,,2,1,1,3,0,0,0,1,3,9,18,12,19,3,1,49,50
2725,2890,2,40,2,6,3,4,4,24,3,8,2,3,1,10,9,9.0,10.0,11,11.0,1,2,1,0,0,0,27,6,0,0,0,,,,2,2,1,3,0,0,0,1,3,0,0,3,0,3,0,50,33
2729,2894,2,50,4,6,4,4,1,16,2,7,4,1,3,9,9,10.0,10.0,11,11.0,1,2,1,1,0,0,28,4,2,1,1,,,,2,3,1,3,2,3,0,1,4,10,4,15,4,5,0,60,23
2735,2901,1,50,4,16,1,1,2,24,2,24,1,2,3,9,9,11.0,10.0,10,10.0,2,1,2,1,0,0,4,5,2,1,1,,,,2,2,0,0,0,0,0,2,2,0,1,1,3,1,2,67,42
2748,2916,2,50,4,7,1,1,2,16,4,12,1,2,2,10,9,9.0,10.0,11,11.0,1,2,1,2,0,0,21,26,1,2,1,,,,2,3,1,3,0,0,0,1,3,3,0,6,1,3,1,58,25
2749,2917,1,52,1,16,3,8,3,24,4,4,3,3,3,9,9,10.0,11.0,11,10.0,1,2,1,0,0,0,2,36,0,0,0,2.0,,,1,2,0,0,0,0,0,1,2,6,1,8,4,2,3,76,43
2750,2918,2,42,1,8,3,6,3,16,4,12,4,1,2,9,9,10.0,10.0,11,11.0,1,2,1,0,0,0,7,4,0,0,0,,,,1,2,2,3,1,3,0,1,4,8,4,12,4,4,0,56,25
2751,2919,1,52,1,40,1,3,4,24,2,4,4,1,2,9,10,10.0,9.0,11,9.0,2,1,1,2,0,0,27,30,1,2,1,,,,1,2,2,2,1,3,0,1,4,12,4,16,5,4,1,95,65
2753,2921,1,16,1,16,2,12,2,50,2,8,4,2,3,9,9,10.0,11.0,10,10.0,1,2,1,1,0,0,23,5,2,1,1,,,,1,2,0,0,0,0,0,1,2,17,6,20,6,3,0,44,68
2757,2925,1,24,1,8,3,4,3,12,1,8,2,8,2,10,11,11.0,9.0,9,9.0,2,1,2,1,0,2,23,21,1,2,2,,,,2,1,0,0,0,0,0,2,2,21,13,21,17,0,4,36,28
2767,2937,1,50,4,12,1,6,4,24,3,16,2,8,4,9,9,11.0,10.0,10,11.0,2,1,2,2,0,0,1,22,1,2,1,,,,2,2,0,0,0,0,0,2,2,3,5,3,8,0,3,68,44
2769,2939,1,42,1,7,4,3,4,16,1,6,3,1,2,9,10,10.0,9.0,11,9.0,2,1,1,1,0,0,27,4,2,1,1,,,,1,2,0,0,0,0,0,1,2,9,8,12,8,3,0,52,24
2772,2942,2,24,1,12,1,3,1,8,2,6,4,6,2,10,9,9.0,9.0,11,11.0,1,2,1,0,0,1,29,0,2,1,1,,,,1,3,0,0,0,0,0,1,2,13,11,16,11,3,0,39,26
2777,2947,1,16,3,8,1,3,3,24,2,7,4,3,4,9,10,10.0,9.0,11,11.0,2,1,2,0,0,2,6,29,1,2,1,,,,1,3,0,0,0,0,0,2,2,22,15,22,18,0,3,27,35
2782,2953,2,52,1,6,1,2,1,16,4,16,3,3,3,10,9,9.0,10.0,11,10.0,1,2,1,0,0,2,26,28,0,2,3,,,,1,1,2,2,1,2,0,1,4,9,4,13,7,4,3,60,25
2783,2954,1,24,3,6,2,3,3,24,4,12,1,2,2,10,10,9.0,9.0,11,11.0,2,1,0,0,0,0,6,5,0,0,0,,,,1,3,2,3,0,0,0,2,3,13,7,13,10,0,3,33,32
2788,2959,2,24,2,16,1,16,3,24,2,7,4,3,3,9,9,9.0,11.0,11,10.0,1,2,1,2,0,0,25,26,0,2,2,,,,1,1,2,3,1,3,0,1,4,20,12,24,14,4,2,56,43
2790,2962,1,40,2,7,2,2,1,16,3,16,3,8,1,9,9,11.0,10.0,10,10.0,2,1,2,1,0,0,32,22,0,1,2,,,,2,2,0,0,0,0,0,2,2,1,5,3,7,2,2,49,31
2809,2982,2,16,4,6,1,6,1,16,2,7,1,2,4,9,9,9.0,10.0,11,11.0,1,2,0,2,0,0,2,22,1,2,1,,,,2,3,1,3,0,0,0,1,3,7,7,10,8,3,1,28,24
2817,2991,1,24,3,7,2,1,3,16,1,7,3,3,1,9,9,11.0,10.0,10,11.0,2,1,2,0,0,0,4,22,0,0,0,,,,2,2,0,0,0,0,0,2,2,4,0,4,2,0,2,32,26
2818,2992,2,42,1,16,3,6,3,24,4,12,3,7,1,10,9,9.0,10.0,11,11.0,1,2,1,2,0,0,7,24,1,2,1,,,,1,2,2,3,1,3,0,1,4,4,2,8,3,4,1,64,47
2821,2995,1,40,2,24,3,12,4,42,2,7,1,4,3,9,9,10.0,11.0,11,10.0,1,2,1,1,0,0,30,7,2,1,1,,,,1,2,0,0,0,0,0,1,2,8,7,11,7,3,0,76,70
2843,3018,1,24,2,16,4,8,3,16,3,12,1,1,4,9,10,10.0,9.0,11,9.0,2,1,1,0,0,0,3,4,0,0,0,,,,1,3,0,0,0,0,0,1,2,23,6,24,6,1,0,48,33
2845,3021,1,16,2,7,2,2,2,8,2,6,1,3,4,11,9,10.0,11.0,9,10.0,1,2,2,0,0,0,27,6,0,0,0,1.0,,,1,3,0,0,0,0,0,2,2,1,5,4,7,3,2,25,18
2853,3029,1,52,1,12,4,7,1,8,3,6,4,4,4,10,9,9.0,11.0,11,10.0,1,2,1,2,0,0,1,27,1,2,1,,,,2,3,1,3,0,0,0,1,3,17,12,20,13,3,1,71,24
2867,3044,2,24,1,6,1,6,3,40,2,16,2,8,3,9,9,11.0,10.0,9,11.0,2,1,2,0,0,0,23,22,0,0,0,,,,1,3,2,3,0,0,0,2,3,8,10,8,13,0,3,36,54
2881,3059,2,24,2,7,1,1,1,24,2,8,4,1,3,10,9,9.0,10.0,11,11.0,1,2,0,0,0,0,23,4,0,0,0,,,,1,3,0,0,0,0,0,1,2,6,4,8,4,2,0,32,32
2887,3065,2,24,2,3,1,1,1,12,2,7,2,2,2,10,9,9.0,10.0,11,11.0,1,2,1,1,0,0,29,26,0,1,2,,,,1,3,0,0,0,0,0,1,2,12,16,16,16,4,0,28,17
2890,3068,1,24,3,24,3,7,2,16,2,7,2,4,3,10,9,9.0,11.0,10,10.0,1,2,1,0,0,0,23,22,0,0,0,,,,0,0,0,0,0,0,0,1,1,18,18,19,18,1,0,55,44
2893,3071,2,24,1,24,1,7,1,52,2,16,1,8,3,9,9,10.0,10.0,10,11.0,2,1,2,0,0,0,23,23,0,0,0,,,,2,2,0,0,0,0,0,2,2,20,20,20,22,0,2,55,84
2898,3076,2,8,3,7,2,2,3,24,3,2,4,1,2,9,9,11.0,11.0,10,10.0,1,2,1,2,0,0,20,5,1,2,1,,,,0,0,0,0,0,0,0,1,1,8,5,9,6,1,1,17,32
2900,3078,2,6,4,3,4,2,1,40,3,7,2,4,3,11,9,10.0,10.0,9,11.0,1,2,2,0,0,0,25,7,0,0,0,,,,2,2,1,2,0,0,0,2,3,9,11,9,14,0,3,11,47
2911,3089,1,52,1,8,2,1,3,16,1,12,4,2,4,9,9,11.0,10.0,10,11.0,2,1,2,0,0,0,21,27,0,0,0,,,,2,3,0,0,0,0,0,2,2,18,22,18,24,0,2,61,26
2913,3092,2,50,4,24,4,24,3,42,1,16,1,8,4,9,9,9.0,11.0,11,10.0,1,2,1,0,0,0,24,7,0,0,0,,,,1,1,0,0,0,0,0,1,2,1,1,3,1,2,0,98,74
2919,3098,2,24,1,16,2,3,3,24,2,8,3,3,3,10,9,9.0,10.0,11,11.0,1,2,0,0,0,0,28,29,0,0,0,2.0,,,1,3,0,0,0,0,0,1,2,11,8,13,11,2,3,43,43
2920,3099,1,16,2,16,3,12,4,24,4,2,1,1,2,10,11,9.0,9.0,10,9.0,2,1,1,0,0,0,2,5,0,0,0,,,,0,0,0,0,0,0,0,1,1,13,11,14,11,1,0,44,41
2928,3107,1,42,1,7,3,1,4,40,1,4,2,2,3,9,9,10.0,10.0,11,11.0,2,1,1,2,0,0,27,7,0,1,2,,,,2,1,0,0,0,0,0,1,2,21,14,24,14,3,0,50,49
2936,3116,1,24,2,24,2,3,3,40,4,12,2,6,2,10,9,9.0,10.0,10,11.0,1,2,2,1,0,0,29,27,0,1,2,,,,2,3,0,0,0,0,0,2,2,9,7,11,9,2,2,51,70
2939,3119,2,50,4,16,3,7,2,24,1,24,3,2,3,9,10,10.0,9.0,11,10.0,2,1,1,2,0,0,2,28,1,2,1,,,,1,2,0,0,0,0,0,1,2,11,11,13,12,2,1,73,42
2941,3121,2,42,1,6,3,6,3,24,4,7,1,2,3,9,11,11.0,10.0,9,9.0,2,1,1,0,0,0,7,25,0,0,0,,,,2,3,0,0,0,0,0,1,2,14,13,16,13,2,0,54,32
2946,3127,1,24,2,12,1,8,3,16,2,8,2,6,1,11,9,10.0,11.0,9,10.0,1,2,0,0,0,0,24,2,0,0,0,,,,1,3,0,0,0,0,0,1,2,1,0,3,0,2,0,44,34
2961,3142,1,16,3,8,1,1,1,40,2,24,2,2,4,11,10,10.0,9.0,9,11.0,2,1,2,2,0,0,4,7,1,2,1,,,,0,0,0,0,0,0,0,2,1,21,19,21,21,0,2,25,50
2962,3143,2,24,4,1,3,1,2,6,2,3,1,1,4,11,11,9.0,10.0,9,9.0,1,2,0,0,1,0,4,6,2,1,1,,,,0,0,0,0,0,0,0,1,1,21,21,23,21,2,0,26,8
2963,3144,1,8,1,7,4,1,4,12,1,8,2,6,2,11,11,10.0,9.0,9,10.0,2,1,2,0,0,0,20,21,0,0,0,,,,0,0,0,0,0,0,0,2,1,23,21,23,22,0,1,16,25
2966,3147,2,7,4,3,4,2,4,24,3,8,4,3,2,9,11,11.0,9.0,10,10.0,2,1,2,1,0,0,25,23,0,2,2,,,,1,2,2,3,0,0,0,2,3,0,6,0,11,0,5,12,30
2967,3148,1,16,2,12,2,2,4,24,2,16,2,6,2,11,11,10.0,9.0,9,10.0,2,1,2,0,0,0,28,23,0,0,0,1.0,,,1,2,2,3,0,0,0,2,3,0,0,3,3,3,3,30,42
2971,3152,1,42,1,16,3,8,4,16,2,8,4,7,1,10,9,9.0,11.0,11,10.0,1,2,1,0,0,0,7,22,0,0,0,,,,2,3,1,3,0,0,0,1,3,9,12,12,12,3,0,66,39
2974,3155,2,50,4,16,2,3,3,52,4,4,1,2,4,9,9,10.0,11.0,11,10.0,1,2,1,0,0,0,23,7,0,0,0,,,,1,1,0,0,0,0,0,1,2,13,16,15,16,2,0,69,70
2976,3157,2,50,4,8,3,1,4,24,2,16,1,7,1,10,9,8.0,10.0,11,11.0,1,2,1,2,0,0,4,23,1,2,1,,,,1,2,0,0,0,0,0,1,2,15,19,17,20,2,1,59,39
2979,3161,1,16,4,3,2,2,4,24,3,6,1,1,3,11,11,9.0,9.0,10,10.0,2,1,2,0,0,0,6,4,0,0,0,,,,1,3,2,3,0,0,0,2,3,2,5,2,8,0,3,21,28
2980,3162,2,50,4,24,3,6,3,24,2,12,1,6,4,10,9,9.0,10.0,11,11.0,1,2,1,2,0,0,3,3,1,2,1,,,,1,2,0,0,0,0,0,1,2,2,8,4,9,2,1,80,54
2982,3164,2,24,1,7,2,1,2,24,3,6,3,2,2,10,9,9.0,10.0,11,11.0,1,2,0,2,0,0,4,25,1,2,1,,,,2,3,0,0,0,0,0,1,2,5,9,7,10,2,1,32,33
2986,3168,2,16,2,12,2,8,2,16,3,7,1,1,1,9,9,10.0,11.0,11,10.0,1,2,1,2,0,0,22,26,0,2,2,,,,2,3,1,3,0,0,0,1,3,8,16,11,18,3,2,36,29
2987,3169,1,50,4,16,1,8,2,24,2,12,2,7,3,10,11,11.0,10.0,9,9.0,2,1,1,2,0,0,2,24,1,2,1,,,,2,3,0,0,0,0,0,1,2,11,18,13,19,2,1,74,47
2988,3170,2,42,1,8,4,1,3,40,2,7,2,1,2,10,9,9.0,10.0,11,11.0,1,2,1,0,0,0,7,31,0,0,0,,,,1,1,2,3,1,3,0,1,4,13,19,17,19,4,0,51,49
2989,3171,1,16,2,7,3,6,4,50,3,24,4,4,3,11,10,9.0,9.0,10,11.0,2,1,2,2,0,0,20,24,1,2,1,,,,2,3,0,0,0,0,0,2,2,17,19,17,22,0,3,29,61
2992,3175,1,40,2,6,4,4,4,42,1,8,1,1,4,10,10,9.0,9.0,11,11.0,2,1,2,2,0,0,7,24,0,2,2,,,,1,2,2,3,0,0,0,2,3,3,3,3,8,0,5,50,49
2994,3177,1,50,4,6,1,3,3,42,3,12,1,1,1,10,10,9.0,9.0,11,11.0,2,1,1,2,0,0,6,31,1,2,1,,,,1,2,2,3,0,0,0,1,3,3,9,6,10,3,1,59,49
2996,3179,1,24,1,16,4,1,4,6,2,3,3,1,2,9,10,10.0,9.0,11,9.0,2,1,1,0,0,0,4,6,0,0,0,,,,1,2,0,0,0,0,0,1,2,8,11,10,11,2,0,41,23
2997,3180,2,12,3,7,4,4,1,24,2,6,2,3,4,9,9,10.0,11.0,11,10.0,1,2,1,1,0,0,7,6,2,1,1,,,,1,3,0,0,0,0,0,1,2,10,11,13,11,3,0,23,34
2999,3182,2,50,4,24,4,6,2,40,1,16,2,7,4,10,9,9.0,10.0,11,11.0,1,2,1,2,0,0,21,29,1,2,1,,,,1,1,2,2,1,2,0,1,4,17,11,21,12,4,1,80,71
3002,3186,1,12,2,4,2,2,1,8,4,6,4,3,4,9,9,11.0,10.0,10,11.0,2,1,2,1,0,0,26,26,0,1,2,,,,2,3,0,0,0,0,0,2,2,1,2,3,4,2,2,18,15
3006,3190,1,16,1,7,3,6,1,24,3,8,3,4,3,10,10,9.0,9.0,11,11.0,2,1,2,2,0,0,20,30,1,2,1,,,,2,3,0,0,0,0,0,2,2,6,7,6,10,0,3,29,35
